blockNo	trialNoPerBlock	stim1_path	stim1_healthRating	stim1_tasteRating	stim1_willingToEatRating	stim2_path	stim2_healthRating	stim2_tasteRating	stim2_willingToEatRating	stimChosen_path	respKey	respRT
0	0	FOODPCT_Images/0236.jpg	87	59	96	FOODPCT_Images/0065.jpg	15	60	73	FOODPCT_Images/0236.jpg	z	0.77706410002429
0	1	FOODPCT_Images/0536.jpg	64	68	70	FOODPCT_Images/0912.jpg	10	15	9	FOODPCT_Images/0912.jpg	m	2.89705839997623
0	2	FOODPCT_Images/0796.jpg	90	64	80	FOODPCT_Images/0827.jpg	73	55	35	FOODPCT_Images/0796.jpg	z	1.09257139998954
0	3	FOODPCT_Images/0373.jpg	9	76	89	FOODPCT_Images/0796.jpg	90	64	80	FOODPCT_Images/0373.jpg	z	0.788102499907836
0	4	FOODPCT_Images/0914.jpg	6	66	17	FOODPCT_Images/0365.jpg	87	66	45	FOODPCT_Images/0365.jpg	m	1.53054659999907
0	5	FOODPCT_Images/0841.jpg	5	84	66	FOODPCT_Images/0199.jpg	86	72	60	FOODPCT_Images/0199.jpg	m	1.25660109997261
0	6	FOODPCT_Images/0796.jpg	90	64	80	FOODPCT_Images/0914.jpg	6	66	17	FOODPCT_Images/0796.jpg	z	1.4140396999428
0	7	FOODPCT_Images/0539.jpg	90	61	68	FOODPCT_Images/0373.jpg	9	76	89	FOODPCT_Images/0373.jpg	m	0.798285600030795
0	8	FOODPCT_Images/0827.jpg	73	55	35	FOODPCT_Images/0539.jpg	90	61	68	FOODPCT_Images/0827.jpg	z	1.14095240004826
0	9	FOODPCT_Images/0261.jpg	80	53	60	FOODPCT_Images/0658.jpg	20	89	83	FOODPCT_Images/0658.jpg	m	1.51550950005185
0	10	FOODPCT_Images/0365.jpg	87	66	45	FOODPCT_Images/0912.jpg	10	15	9	FOODPCT_Images/0912.jpg	m	0.733403900056146
0	11	FOODPCT_Images/0827.jpg	73	55	35	FOODPCT_Images/0199.jpg	86	72	60	FOODPCT_Images/0199.jpg	m	0.659435499925166
0	12	FOODPCT_Images/0236.jpg	87	59	96	FOODPCT_Images/0226.jpg	86	55	78	FOODPCT_Images/0236.jpg	z	0.513045000028796
0	13	FOODPCT_Images/0226.jpg	86	55	78	FOODPCT_Images/0841.jpg	5	84	66	FOODPCT_Images/0226.jpg	z	0.9201669000322
0	14	FOODPCT_Images/0796.jpg	90	64	80	FOODPCT_Images/0365.jpg	87	66	45	FOODPCT_Images/0796.jpg	z	0.838264400023036
0	15	FOODPCT_Images/0116.jpg	9	98	94	FOODPCT_Images/0658.jpg	20	89	83	FOODPCT_Images/0116.jpg	z	0.68096509994939
0	16	FOODPCT_Images/0752.jpg	97	85	38	FOODPCT_Images/0912.jpg	10	15	9	FOODPCT_Images/0912.jpg	m	0.504749799962156
0	17	FOODPCT_Images/0294.jpg	16	84	68	FOODPCT_Images/0373.jpg	9	76	89	FOODPCT_Images/0373.jpg	m	0.87953000003472
0	18	FOODPCT_Images/0365.jpg	87	66	45	FOODPCT_Images/0881.jpg	84	54	70	FOODPCT_Images/0881.jpg	m	0.83981799997855
0	19	FOODPCT_Images/0539.jpg	90	61	68	FOODPCT_Images/0282.jpg	88	58	66	FOODPCT_Images/0282.jpg	m	0.713011500076391
0	20	FOODPCT_Images/0373.jpg	9	76	89	FOODPCT_Images/0365.jpg	87	66	45	FOODPCT_Images/0373.jpg	z	0.552280199946836
0	21	FOODPCT_Images/0261.jpg	80	53	60	FOODPCT_Images/0536.jpg	64	68	70	FOODPCT_Images/0536.jpg	m	1.37737340002786
0	22	FOODPCT_Images/0841.jpg	5	84	66	FOODPCT_Images/0536.jpg	64	68	70	FOODPCT_Images/0536.jpg	m	0.559332699980587
0	23	FOODPCT_Images/0226.jpg	86	55	78	FOODPCT_Images/0539.jpg	90	61	68	FOODPCT_Images/0226.jpg	z	0.713349100085907
0	24	FOODPCT_Images/0065.jpg	15	60	73	FOODPCT_Images/0226.jpg	86	55	78	FOODPCT_Images/0065.jpg	z	3.09501550009008
0	25	FOODPCT_Images/0881.jpg	84	54	70	FOODPCT_Images/0539.jpg	90	61	68	FOODPCT_Images/0881.jpg	z	0.947494000080042
0	26	FOODPCT_Images/0199.jpg	86	72	60	FOODPCT_Images/0226.jpg	86	55	78	FOODPCT_Images/0199.jpg	z	0.597364699933678
0	27	FOODPCT_Images/0373.jpg	9	76	89	FOODPCT_Images/0614.jpg	78	66	92	FOODPCT_Images/0373.jpg	z	0.527014599996619
0	28	FOODPCT_Images/0294.jpg	16	84	68	FOODPCT_Images/0658.jpg	20	89	83	FOODPCT_Images/0658.jpg	m	1.36440199997742
0	29	FOODPCT_Images/0881.jpg	84	54	70	FOODPCT_Images/0294.jpg	16	84	68	FOODPCT_Images/0881.jpg	z	0.901823800057173
0	30	FOODPCT_Images/0226.jpg	86	55	78	FOODPCT_Images/0116.jpg	9	98	94	FOODPCT_Images/0116.jpg	m	0.659767900011502
0	31	FOODPCT_Images/0881.jpg	84	54	70	FOODPCT_Images/0065.jpg	15	60	73	FOODPCT_Images/0881.jpg	z	0.667029400006868
0	32	FOODPCT_Images/0536.jpg	64	68	70	FOODPCT_Images/0294.jpg	16	84	68	FOODPCT_Images/0294.jpg	m	0.428352700080723
0	33	FOODPCT_Images/0116.jpg	9	98	94	FOODPCT_Images/0365.jpg	87	66	45	FOODPCT_Images/0116.jpg	z	0.502537399996072
0	34	FOODPCT_Images/0912.jpg	10	15	9	FOODPCT_Images/0614.jpg	78	66	92	FOODPCT_Images/0912.jpg	z	1.21374219993595
0	35	FOODPCT_Images/0282.jpg	88	58	66	FOODPCT_Images/0827.jpg	73	55	35	FOODPCT_Images/0282.jpg	z	0.979284300003201
0	36	FOODPCT_Images/0796.jpg	90	64	80	FOODPCT_Images/0752.jpg	97	85	38	FOODPCT_Images/0796.jpg	z	1.06522789993323
0	37	FOODPCT_Images/0261.jpg	80	53	60	FOODPCT_Images/0881.jpg	84	54	70	FOODPCT_Images/0261.jpg	z	0.756697200005874
0	38	FOODPCT_Images/0539.jpg	90	61	68	FOODPCT_Images/0438.jpg	70	45	42	FOODPCT_Images/0438.jpg	m	1.55504809995182
0	39	FOODPCT_Images/0830.jpg	83	65	41	FOODPCT_Images/0881.jpg	84	54	70	FOODPCT_Images/0830.jpg	z	0.816228199983016
0	40	FOODPCT_Images/0539.jpg	90	61	68	FOODPCT_Images/0294.jpg	16	84	68	FOODPCT_Images/0294.jpg	m	0.616049599950202
0	41	FOODPCT_Images/0614.jpg	78	66	92	FOODPCT_Images/0180.jpg	61	68	80	FOODPCT_Images/0614.jpg	z	0.894748099963181
0	42	FOODPCT_Images/0539.jpg	90	61	68	FOODPCT_Images/0236.jpg	87	59	96	FOODPCT_Images/0236.jpg	m	0.622912700055167
0	43	FOODPCT_Images/0116.jpg	9	98	94	FOODPCT_Images/0539.jpg	90	61	68	FOODPCT_Images/0116.jpg	z	0.569823500001803
0	44	FOODPCT_Images/0827.jpg	73	55	35	FOODPCT_Images/0046.jpg	12	82	91	FOODPCT_Images/0046.jpg	m	1.65652469999623
0	45	FOODPCT_Images/0065.jpg	15	60	73	FOODPCT_Images/0914.jpg	6	66	17	FOODPCT_Images/0065.jpg	z	0.933508099988103
0	46	FOODPCT_Images/0614.jpg	78	66	92	FOODPCT_Images/0752.jpg	97	85	38	FOODPCT_Images/0752.jpg	m	0.991842600051314
0	47	FOODPCT_Images/0365.jpg	87	66	45	FOODPCT_Images/0536.jpg	64	68	70	FOODPCT_Images/0536.jpg	m	0.81590549997054
0	48	FOODPCT_Images/0180.jpg	61	68	80	FOODPCT_Images/0294.jpg	16	84	68	FOODPCT_Images/0294.jpg	m	0.677857799921185
0	49	FOODPCT_Images/0261.jpg	80	53	60	FOODPCT_Images/0841.jpg	5	84	66	FOODPCT_Images/0261.jpg	z	0.997483200044371
0	50	FOODPCT_Images/0830.jpg	83	65	41	FOODPCT_Images/0282.jpg	88	58	66	FOODPCT_Images/0830.jpg	z	1.1071590000065
0	51	FOODPCT_Images/0365.jpg	87	66	45	FOODPCT_Images/0830.jpg	83	65	41	FOODPCT_Images/0830.jpg	m	1.22711480001453
0	52	FOODPCT_Images/0294.jpg	16	84	68	FOODPCT_Images/0796.jpg	90	64	80	FOODPCT_Images/0796.jpg	m	1.16438440000638
0	53	FOODPCT_Images/0914.jpg	6	66	17	FOODPCT_Images/0830.jpg	83	65	41	FOODPCT_Images/0830.jpg	m	0.611150200013071
0	54	FOODPCT_Images/0226.jpg	86	55	78	FOODPCT_Images/0830.jpg	83	65	41	FOODPCT_Images/0830.jpg	m	0.457203600089997
0	55	FOODPCT_Images/0226.jpg	86	55	78	FOODPCT_Images/0180.jpg	61	68	80	FOODPCT_Images/0226.jpg	z	0.694939799956046
0	56	FOODPCT_Images/0236.jpg	87	59	96	FOODPCT_Images/0365.jpg	87	66	45	FOODPCT_Images/0236.jpg	z	0.605893000029027
0	57	FOODPCT_Images/0116.jpg	9	98	94	FOODPCT_Images/0841.jpg	5	84	66	FOODPCT_Images/0116.jpg	z	0.980639699962921
0	58	FOODPCT_Images/0116.jpg	9	98	94	FOODPCT_Images/0046.jpg	12	82	91	FOODPCT_Images/0116.jpg	z	0.922622599988244
0	59	FOODPCT_Images/0282.jpg	88	58	66	FOODPCT_Images/0116.jpg	9	98	94	FOODPCT_Images/0116.jpg	m	1.31286980002187
1	0	FOODPCT_Images/0881.jpg	84	54	70	FOODPCT_Images/0373.jpg	9	76	89	FOODPCT_Images/0373.jpg	m	0.566247600014322
1	1	FOODPCT_Images/0752.jpg	97	85	38	FOODPCT_Images/0841.jpg	5	84	66	FOODPCT_Images/0841.jpg	m	1.16051329998299
1	2	FOODPCT_Images/0438.jpg	70	45	42	FOODPCT_Images/0261.jpg	80	53	60	FOODPCT_Images/0261.jpg	m	1.15427780000027
1	3	FOODPCT_Images/0180.jpg	61	68	80	FOODPCT_Images/0373.jpg	9	76	89	FOODPCT_Images/0373.jpg	m	0.526872099959292
1	4	FOODPCT_Images/0199.jpg	86	72	60	FOODPCT_Images/0438.jpg	70	45	42	FOODPCT_Images/0199.jpg	z	0.909470899961889
1	5	FOODPCT_Images/0046.jpg	12	82	91	FOODPCT_Images/0294.jpg	16	84	68	FOODPCT_Images/0046.jpg	z	1.04847799998242
1	6	FOODPCT_Images/0536.jpg	64	68	70	FOODPCT_Images/0046.jpg	12	82	91	FOODPCT_Images/0046.jpg	m	0.512440899969079
1	7	FOODPCT_Images/0180.jpg	61	68	80	FOODPCT_Images/0282.jpg	88	58	66	FOODPCT_Images/0282.jpg	m	0.705316899926402
1	8	FOODPCT_Images/0180.jpg	61	68	80	FOODPCT_Images/0881.jpg	84	54	70	FOODPCT_Images/0881.jpg	m	0.527342400047928
1	9	FOODPCT_Images/0830.jpg	83	65	41	FOODPCT_Images/0199.jpg	86	72	60	FOODPCT_Images/0199.jpg	m	0.478403699933551
1	10	FOODPCT_Images/0438.jpg	70	45	42	FOODPCT_Images/0827.jpg	73	55	35	FOODPCT_Images/0827.jpg	m	0.658123100060038
1	11	FOODPCT_Images/0658.jpg	20	89	83	FOODPCT_Images/0841.jpg	5	84	66	FOODPCT_Images/0658.jpg	z	1.71608120005112
1	12	FOODPCT_Images/0294.jpg	16	84	68	FOODPCT_Images/0065.jpg	15	60	73	FOODPCT_Images/0065.jpg	m	0.742493700003251
1	13	FOODPCT_Images/0438.jpg	70	45	42	FOODPCT_Images/0614.jpg	78	66	92	FOODPCT_Images/0614.jpg	m	1.05896289995871
1	14	FOODPCT_Images/0373.jpg	9	76	89	FOODPCT_Images/0065.jpg	15	60	73	FOODPCT_Images/0373.jpg	z	0.749494799994864
1	15	FOODPCT_Images/0914.jpg	6	66	17	FOODPCT_Images/0658.jpg	20	89	83	FOODPCT_Images/0658.jpg	m	0.992421399918385
1	16	FOODPCT_Images/0752.jpg	97	85	38	FOODPCT_Images/0180.jpg	61	68	80	FOODPCT_Images/0752.jpg	z	0.96152070001699
1	17	FOODPCT_Images/0116.jpg	9	98	94	FOODPCT_Images/0827.jpg	73	55	35	FOODPCT_Images/0116.jpg	z	0.629663900006562
1	18	FOODPCT_Images/0438.jpg	70	45	42	FOODPCT_Images/0236.jpg	87	59	96	FOODPCT_Images/0236.jpg	m	0.579648500075564
1	19	FOODPCT_Images/0438.jpg	70	45	42	FOODPCT_Images/0373.jpg	9	76	89	FOODPCT_Images/0373.jpg	m	0.929400000022724
1	20	FOODPCT_Images/0199.jpg	86	72	60	FOODPCT_Images/0261.jpg	80	53	60	FOODPCT_Images/0199.jpg	z	0.810365899931639
1	21	FOODPCT_Images/0752.jpg	97	85	38	FOODPCT_Images/0294.jpg	16	84	68	FOODPCT_Images/0752.jpg	z	1.19736059999559
1	22	FOODPCT_Images/0841.jpg	5	84	66	FOODPCT_Images/0539.jpg	90	61	68	FOODPCT_Images/0841.jpg	z	1.01630669995211
1	23	FOODPCT_Images/0841.jpg	5	84	66	FOODPCT_Images/0282.jpg	88	58	66	FOODPCT_Images/0282.jpg	m	1.57768240000587
1	24	FOODPCT_Images/0365.jpg	87	66	45	FOODPCT_Images/0438.jpg	70	45	42	FOODPCT_Images/0438.jpg	m	1.53299849992618
1	25	FOODPCT_Images/0830.jpg	83	65	41	FOODPCT_Images/0912.jpg	10	15	9	FOODPCT_Images/0912.jpg	m	0.70163250004407
1	26	FOODPCT_Images/0752.jpg	97	85	38	FOODPCT_Images/0282.jpg	88	58	66	FOODPCT_Images/0752.jpg	z	0.930316800018772
1	27	FOODPCT_Images/0796.jpg	90	64	80	FOODPCT_Images/0658.jpg	20	89	83	FOODPCT_Images/0796.jpg	z	0.928372399997897
1	28	FOODPCT_Images/0236.jpg	87	59	96	FOODPCT_Images/0261.jpg	80	53	60	FOODPCT_Images/0236.jpg	z	0.562184400041588
1	29	FOODPCT_Images/0261.jpg	80	53	60	FOODPCT_Images/0752.jpg	97	85	38	FOODPCT_Images/0752.jpg	m	1.18965720001142
1	30	FOODPCT_Images/0261.jpg	80	53	60	FOODPCT_Images/0226.jpg	86	55	78	FOODPCT_Images/0261.jpg	z	0.618264500051737
1	31	FOODPCT_Images/0827.jpg	73	55	35	FOODPCT_Images/0830.jpg	83	65	41	FOODPCT_Images/0830.jpg	m	0.721824600012042
1	32	FOODPCT_Images/0236.jpg	87	59	96	FOODPCT_Images/0827.jpg	73	55	35	FOODPCT_Images/0236.jpg	z	0.55902059993241
1	33	FOODPCT_Images/0614.jpg	78	66	92	FOODPCT_Images/0226.jpg	86	55	78	FOODPCT_Images/0614.jpg	z	1.26239879999775
1	34	FOODPCT_Images/0236.jpg	87	59	96	FOODPCT_Images/0752.jpg	97	85	38	FOODPCT_Images/0236.jpg	z	0.758304400020279
1	35	FOODPCT_Images/0841.jpg	5	84	66	FOODPCT_Images/0236.jpg	87	59	96	FOODPCT_Images/0236.jpg	m	0.7628247999819
1	36	FOODPCT_Images/0658.jpg	20	89	83	FOODPCT_Images/0881.jpg	84	54	70	FOODPCT_Images/0658.jpg	z	1.39515450003091
1	37	FOODPCT_Images/0261.jpg	80	53	60	FOODPCT_Images/0539.jpg	90	61	68	FOODPCT_Images/0261.jpg	z	0.81243260006886
1	38	FOODPCT_Images/0752.jpg	97	85	38	FOODPCT_Images/0881.jpg	84	54	70	FOODPCT_Images/0752.jpg	z	1.00846070004627
1	39	FOODPCT_Images/0065.jpg	15	60	73	FOODPCT_Images/0830.jpg	83	65	41	FOODPCT_Images/0830.jpg	m	1.97681069991086
1	40	FOODPCT_Images/0752.jpg	97	85	38	FOODPCT_Images/0199.jpg	86	72	60	FOODPCT_Images/0199.jpg	m	0.541772700031288
1	41	FOODPCT_Images/0752.jpg	97	85	38	FOODPCT_Images/0536.jpg	64	68	70	FOODPCT_Images/0752.jpg	z	0.885465000057593
1	42	FOODPCT_Images/0116.jpg	9	98	94	FOODPCT_Images/0536.jpg	64	68	70	FOODPCT_Images/0116.jpg	z	0.943117200047709
1	43	FOODPCT_Images/0658.jpg	20	89	83	FOODPCT_Images/0438.jpg	70	45	42	FOODPCT_Images/0658.jpg	z	0.827978900051676
1	44	FOODPCT_Images/0294.jpg	16	84	68	FOODPCT_Images/0365.jpg	87	66	45	FOODPCT_Images/0365.jpg	m	0.634593600057997
1	45	FOODPCT_Images/0796.jpg	90	64	80	FOODPCT_Images/0841.jpg	5	84	66	FOODPCT_Images/0841.jpg	m	0.645024999976158
1	46	FOODPCT_Images/0373.jpg	9	76	89	FOODPCT_Images/0830.jpg	83	65	41	FOODPCT_Images/0373.jpg	z	0.998100999975577
1	47	FOODPCT_Images/0827.jpg	73	55	35	FOODPCT_Images/0365.jpg	87	66	45	FOODPCT_Images/0365.jpg	m	0.990384100005031
1	48	FOODPCT_Images/0116.jpg	9	98	94	FOODPCT_Images/0180.jpg	61	68	80	FOODPCT_Images/0116.jpg	z	0.868959699990228
1	49	FOODPCT_Images/0282.jpg	88	58	66	FOODPCT_Images/0236.jpg	87	59	96	FOODPCT_Images/0236.jpg	m	0.550388699979521
1	50	FOODPCT_Images/0827.jpg	73	55	35	FOODPCT_Images/0912.jpg	10	15	9	FOODPCT_Images/0912.jpg	m	1.10380550008267
1	51	FOODPCT_Images/0365.jpg	87	66	45	FOODPCT_Images/0180.jpg	61	68	80	FOODPCT_Images/0365.jpg	z	1.86288040003274
1	52	FOODPCT_Images/0752.jpg	97	85	38	FOODPCT_Images/0438.jpg	70	45	42	FOODPCT_Images/0752.jpg	z	1.13847780006472
1	53	FOODPCT_Images/0658.jpg	20	89	83	FOODPCT_Images/0752.jpg	97	85	38	FOODPCT_Images/0658.jpg	z	1.05092279997189
1	54	FOODPCT_Images/0365.jpg	87	66	45	FOODPCT_Images/0752.jpg	97	85	38	FOODPCT_Images/0752.jpg	m	0.670522699947469
1	55	FOODPCT_Images/0881.jpg	84	54	70	FOODPCT_Images/0438.jpg	70	45	42	FOODPCT_Images/0881.jpg	z	1.12594449997414
1	56	FOODPCT_Images/0282.jpg	88	58	66	FOODPCT_Images/0614.jpg	78	66	92	FOODPCT_Images/0614.jpg	m	0.879043099936098
1	57	FOODPCT_Images/0914.jpg	6	66	17	FOODPCT_Images/0116.jpg	9	98	94	FOODPCT_Images/0116.jpg	m	0.764293999993242
1	58	FOODPCT_Images/0438.jpg	70	45	42	FOODPCT_Images/0116.jpg	9	98	94	FOODPCT_Images/0116.jpg	m	0.473324700025842
1	59	FOODPCT_Images/0539.jpg	90	61	68	FOODPCT_Images/0912.jpg	10	15	9	FOODPCT_Images/0912.jpg	m	0.617390899918973
2	0	FOODPCT_Images/0796.jpg	90	64	80	FOODPCT_Images/0881.jpg	84	54	70	FOODPCT_Images/0881.jpg	m	5.46758119994774
2	1	FOODPCT_Images/0658.jpg	20	89	83	FOODPCT_Images/0199.jpg	86	72	60	FOODPCT_Images/0199.jpg	m	1.40425700007472
2	2	FOODPCT_Images/0065.jpg	15	60	73	FOODPCT_Images/0658.jpg	20	89	83	FOODPCT_Images/0065.jpg	z	1.61218489997555
2	3	FOODPCT_Images/0199.jpg	86	72	60	FOODPCT_Images/0282.jpg	88	58	66	FOODPCT_Images/0199.jpg	z	0.603530899970792
2	4	FOODPCT_Images/0438.jpg	70	45	42	FOODPCT_Images/0796.jpg	90	64	80	FOODPCT_Images/0796.jpg	m	0.719420599984005
2	5	FOODPCT_Images/0373.jpg	9	76	89	FOODPCT_Images/0226.jpg	86	55	78	FOODPCT_Images/0373.jpg	z	0.587050300091505
2	6	FOODPCT_Images/0539.jpg	90	61	68	FOODPCT_Images/0914.jpg	6	66	17	FOODPCT_Images/0539.jpg	z	0.794926299946383
2	7	FOODPCT_Images/0830.jpg	83	65	41	FOODPCT_Images/0236.jpg	87	59	96	FOODPCT_Images/0236.jpg	m	0.667498200084083
2	8	FOODPCT_Images/0065.jpg	15	60	73	FOODPCT_Images/0365.jpg	87	66	45	FOODPCT_Images/0065.jpg	z	0.532341500045732
2	9	FOODPCT_Images/0658.jpg	20	89	83	FOODPCT_Images/0536.jpg	64	68	70	FOODPCT_Images/0658.jpg	z	1.9612537000794
2	10	FOODPCT_Images/0046.jpg	12	82	91	FOODPCT_Images/0282.jpg	88	58	66	FOODPCT_Images/0046.jpg	z	0.629165100050159
2	11	FOODPCT_Images/0658.jpg	20	89	83	FOODPCT_Images/0046.jpg	12	82	91	FOODPCT_Images/0046.jpg	m	1.53222950000782
2	12	FOODPCT_Images/0065.jpg	15	60	73	FOODPCT_Images/0180.jpg	61	68	80	FOODPCT_Images/0065.jpg	z	0.788231999962591
2	13	FOODPCT_Images/0914.jpg	6	66	17	FOODPCT_Images/0881.jpg	84	54	70	FOODPCT_Images/0881.jpg	m	0.578454600065015
2	14	FOODPCT_Images/0841.jpg	5	84	66	FOODPCT_Images/0065.jpg	15	60	73	FOODPCT_Images/0065.jpg	m	0.708540500025265
2	15	FOODPCT_Images/0841.jpg	5	84	66	FOODPCT_Images/0294.jpg	16	84	68	FOODPCT_Images/0294.jpg	m	1.15109129995108
2	16	FOODPCT_Images/0614.jpg	78	66	92	FOODPCT_Images/0914.jpg	6	66	17	FOODPCT_Images/0614.jpg	z	0.734388099983335
2	17	FOODPCT_Images/0614.jpg	78	66	92	FOODPCT_Images/0830.jpg	83	65	41	FOODPCT_Images/0830.jpg	m	2.23348300007638
2	18	FOODPCT_Images/0199.jpg	86	72	60	FOODPCT_Images/0614.jpg	78	66	92	FOODPCT_Images/0199.jpg	z	0.770827900036238
2	19	FOODPCT_Images/0830.jpg	83	65	41	FOODPCT_Images/0841.jpg	5	84	66	FOODPCT_Images/0830.jpg	z	1.04410130006727
2	20	FOODPCT_Images/0294.jpg	16	84	68	FOODPCT_Images/0914.jpg	6	66	17	FOODPCT_Images/0294.jpg	z	0.702450899989344
2	21	FOODPCT_Images/0881.jpg	84	54	70	FOODPCT_Images/0046.jpg	12	82	91	FOODPCT_Images/0046.jpg	m	1.23777669994161
2	22	FOODPCT_Images/0830.jpg	83	65	41	FOODPCT_Images/0536.jpg	64	68	70	FOODPCT_Images/0830.jpg	z	1.01434150000568
2	23	FOODPCT_Images/0282.jpg	88	58	66	FOODPCT_Images/0261.jpg	80	53	60	FOODPCT_Images/0282.jpg	z	1.01600599999074
2	24	FOODPCT_Images/0199.jpg	86	72	60	FOODPCT_Images/0914.jpg	6	66	17	FOODPCT_Images/0199.jpg	z	0.559725399944
2	25	FOODPCT_Images/0536.jpg	64	68	70	FOODPCT_Images/0796.jpg	90	64	80	FOODPCT_Images/0796.jpg	m	0.726159100071527
2	26	FOODPCT_Images/0180.jpg	61	68	80	FOODPCT_Images/0046.jpg	12	82	91	FOODPCT_Images/0046.jpg	m	1.02486789994873
2	27	FOODPCT_Images/0180.jpg	61	68	80	FOODPCT_Images/0536.jpg	64	68	70	FOODPCT_Images/0180.jpg	z	0.545698800007813
2	28	FOODPCT_Images/0912.jpg	10	15	9	FOODPCT_Images/0261.jpg	80	53	60	FOODPCT_Images/0912.jpg	z	1.28320720000193
2	29	FOODPCT_Images/0282.jpg	88	58	66	FOODPCT_Images/0065.jpg	15	60	73	FOODPCT_Images/0065.jpg	m	0.626014400040731
2	30	FOODPCT_Images/0294.jpg	16	84	68	FOODPCT_Images/0827.jpg	73	55	35	FOODPCT_Images/0827.jpg	m	1.40143970004283
2	31	FOODPCT_Images/0046.jpg	12	82	91	FOODPCT_Images/0236.jpg	87	59	96	FOODPCT_Images/0236.jpg	m	0.559381700004451
2	32	FOODPCT_Images/0294.jpg	16	84	68	FOODPCT_Images/0614.jpg	78	66	92	FOODPCT_Images/0614.jpg	m	2.01348439999856
2	33	FOODPCT_Images/0226.jpg	86	55	78	FOODPCT_Images/0365.jpg	87	66	45	FOODPCT_Images/0365.jpg	m	1.62062469997909
2	34	FOODPCT_Images/0065.jpg	15	60	73	FOODPCT_Images/0827.jpg	73	55	35	FOODPCT_Images/0827.jpg	m	0.497062099981122
2	35	FOODPCT_Images/0539.jpg	90	61	68	FOODPCT_Images/0614.jpg	78	66	92	FOODPCT_Images/0614.jpg	m	0.616092400043271
2	36	FOODPCT_Images/0365.jpg	87	66	45	FOODPCT_Images/0046.jpg	12	82	91	FOODPCT_Images/0046.jpg	m	0.582520199939609
2	37	FOODPCT_Images/0658.jpg	20	89	83	FOODPCT_Images/0539.jpg	90	61	68	FOODPCT_Images/0658.jpg	z	0.762689900002442
2	38	FOODPCT_Images/0912.jpg	10	15	9	FOODPCT_Images/0116.jpg	9	98	94	FOODPCT_Images/0116.jpg	m	0.542702700011432
2	39	FOODPCT_Images/0180.jpg	61	68	80	FOODPCT_Images/0199.jpg	86	72	60	FOODPCT_Images/0199.jpg	m	0.587945000035688
2	40	FOODPCT_Images/0046.jpg	12	82	91	FOODPCT_Images/0261.jpg	80	53	60	FOODPCT_Images/0046.jpg	z	0.897819499950856
2	41	FOODPCT_Images/0236.jpg	87	59	96	FOODPCT_Images/0914.jpg	6	66	17	FOODPCT_Images/0236.jpg	z	0.655026499996893
2	42	FOODPCT_Images/0065.jpg	15	60	73	FOODPCT_Images/0614.jpg	78	66	92	FOODPCT_Images/0065.jpg	z	0.956419500056654
2	43	FOODPCT_Images/0912.jpg	10	15	9	FOODPCT_Images/0282.jpg	88	58	66	FOODPCT_Images/0282.jpg	m	0.645061600022018
2	44	FOODPCT_Images/0536.jpg	64	68	70	FOODPCT_Images/0373.jpg	9	76	89	FOODPCT_Images/0373.jpg	m	0.996396100032143
2	45	FOODPCT_Images/0199.jpg	86	72	60	FOODPCT_Images/0373.jpg	9	76	89	FOODPCT_Images/0373.jpg	m	0.581787299946882
2	46	FOODPCT_Images/0199.jpg	86	72	60	FOODPCT_Images/0796.jpg	90	64	80	FOODPCT_Images/0199.jpg	z	0.819387099938467
2	47	FOODPCT_Images/0881.jpg	84	54	70	FOODPCT_Images/0912.jpg	10	15	9	FOODPCT_Images/0881.jpg	z	0.745118099963292
2	48	FOODPCT_Images/0914.jpg	6	66	17	FOODPCT_Images/0226.jpg	86	55	78	FOODPCT_Images/0226.jpg	m	0.828486199956387
2	49	FOODPCT_Images/0261.jpg	80	53	60	FOODPCT_Images/0827.jpg	73	55	35	FOODPCT_Images/0827.jpg	m	1.62807760003489
2	50	FOODPCT_Images/0881.jpg	84	54	70	FOODPCT_Images/0282.jpg	88	58	66	FOODPCT_Images/0881.jpg	z	1.09934439999051
2	51	FOODPCT_Images/0226.jpg	86	55	78	FOODPCT_Images/0536.jpg	64	68	70	FOODPCT_Images/0536.jpg	m	0.84487040003296
2	52	FOODPCT_Images/0658.jpg	20	89	83	FOODPCT_Images/0180.jpg	61	68	80	FOODPCT_Images/0658.jpg	z	0.958298100042157
2	53	FOODPCT_Images/0881.jpg	84	54	70	FOODPCT_Images/0614.jpg	78	66	92	FOODPCT_Images/0881.jpg	z	0.907592199975625
2	54	FOODPCT_Images/0046.jpg	12	82	91	FOODPCT_Images/0065.jpg	15	60	73	FOODPCT_Images/0065.jpg	m	1.0044338000007
2	55	FOODPCT_Images/0065.jpg	15	60	73	FOODPCT_Images/0752.jpg	97	85	38	FOODPCT_Images/0065.jpg	z	1.04050070000812
2	56	FOODPCT_Images/0438.jpg	70	45	42	FOODPCT_Images/0282.jpg	88	58	66	FOODPCT_Images/0282.jpg	m	0.829296899959445
2	57	FOODPCT_Images/0658.jpg	20	89	83	FOODPCT_Images/0830.jpg	83	65	41	FOODPCT_Images/0658.jpg	z	1.37098319991492
2	58	FOODPCT_Images/0373.jpg	9	76	89	FOODPCT_Images/0752.jpg	97	85	38	FOODPCT_Images/0373.jpg	z	0.613345499965362
2	59	FOODPCT_Images/0658.jpg	20	89	83	FOODPCT_Images/0912.jpg	10	15	9	FOODPCT_Images/0658.jpg	z	0.953673000098206
3	0	FOODPCT_Images/0180.jpg	61	68	80	FOODPCT_Images/0438.jpg	70	45	42	FOODPCT_Images/0438.jpg	m	0.843424400081858
3	1	FOODPCT_Images/0261.jpg	80	53	60	FOODPCT_Images/0365.jpg	87	66	45	FOODPCT_Images/0365.jpg	m	0.860613500000909
3	2	FOODPCT_Images/0116.jpg	9	98	94	FOODPCT_Images/0830.jpg	83	65	41	FOODPCT_Images/0116.jpg	z	0.535492799943313
3	3	FOODPCT_Images/0539.jpg	90	61	68	FOODPCT_Images/0065.jpg	15	60	73	FOODPCT_Images/0065.jpg	m	0.810366600053385
3	4	FOODPCT_Images/0830.jpg	83	65	41	FOODPCT_Images/0180.jpg	61	68	80	FOODPCT_Images/0830.jpg	z	1.71650129999034
3	5	FOODPCT_Images/0912.jpg	10	15	9	FOODPCT_Images/0226.jpg	86	55	78	FOODPCT_Images/0912.jpg	z	0.918720800080337
3	6	FOODPCT_Images/0046.jpg	12	82	91	FOODPCT_Images/0614.jpg	78	66	92	FOODPCT_Images/0046.jpg	z	1.2067843999248
3	7	FOODPCT_Images/0827.jpg	73	55	35	FOODPCT_Images/0658.jpg	20	89	83	FOODPCT_Images/0658.jpg	m	1.56535790010821
3	8	FOODPCT_Images/0046.jpg	12	82	91	FOODPCT_Images/0796.jpg	90	64	80	FOODPCT_Images/0046.jpg	z	0.657440399983898
3	9	FOODPCT_Images/0282.jpg	88	58	66	FOODPCT_Images/0294.jpg	16	84	68	FOODPCT_Images/0282.jpg	z	0.90776980004739
3	10	FOODPCT_Images/0796.jpg	90	64	80	FOODPCT_Images/0116.jpg	9	98	94	FOODPCT_Images/0116.jpg	m	0.614142500096932
3	11	FOODPCT_Images/0199.jpg	86	72	60	FOODPCT_Images/0294.jpg	16	84	68	FOODPCT_Images/0199.jpg	z	1.27977959997952
3	12	FOODPCT_Images/0796.jpg	90	64	80	FOODPCT_Images/0830.jpg	83	65	41	FOODPCT_Images/0796.jpg	z	1.50810420000926
3	13	FOODPCT_Images/0614.jpg	78	66	92	FOODPCT_Images/0841.jpg	5	84	66	FOODPCT_Images/0614.jpg	z	0.449622499989346
3	14	FOODPCT_Images/0912.jpg	10	15	9	FOODPCT_Images/0373.jpg	9	76	89	FOODPCT_Images/0373.jpg	m	0.970047599985264
3	15	FOODPCT_Images/0199.jpg	86	72	60	FOODPCT_Images/0912.jpg	10	15	9	FOODPCT_Images/0199.jpg	z	0.610300800064579
3	16	FOODPCT_Images/0236.jpg	87	59	96	FOODPCT_Images/0658.jpg	20	89	83	FOODPCT_Images/0236.jpg	z	0.660732100019231
3	17	FOODPCT_Images/0539.jpg	90	61	68	FOODPCT_Images/0796.jpg	90	64	80	FOODPCT_Images/0796.jpg	m	0.764740000013262
3	18	FOODPCT_Images/0914.jpg	6	66	17	FOODPCT_Images/0536.jpg	64	68	70	FOODPCT_Images/0536.jpg	m	0.639243000070564
3	19	FOODPCT_Images/0282.jpg	88	58	66	FOODPCT_Images/0373.jpg	9	76	89	FOODPCT_Images/0373.jpg	m	0.63023550005164
3	20	FOODPCT_Images/0796.jpg	90	64	80	FOODPCT_Images/0226.jpg	86	55	78	FOODPCT_Images/0796.jpg	z	0.648166099912487
3	21	FOODPCT_Images/0236.jpg	87	59	96	FOODPCT_Images/0614.jpg	78	66	92	FOODPCT_Images/0236.jpg	z	0.606165200006217
3	22	FOODPCT_Images/0752.jpg	97	85	38	FOODPCT_Images/0539.jpg	90	61	68	FOODPCT_Images/0752.jpg	z	0.553678500000387
3	23	FOODPCT_Images/0373.jpg	9	76	89	FOODPCT_Images/0261.jpg	80	53	60	FOODPCT_Images/0373.jpg	z	0.537004999932833
3	24	FOODPCT_Images/0046.jpg	12	82	91	FOODPCT_Images/0199.jpg	86	72	60	FOODPCT_Images/0199.jpg	m	0.556458999984898
3	25	FOODPCT_Images/0438.jpg	70	45	42	FOODPCT_Images/0294.jpg	16	84	68	FOODPCT_Images/0294.jpg	m	0.533108399948105
3	26	FOODPCT_Images/0282.jpg	88	58	66	FOODPCT_Images/0914.jpg	6	66	17	FOODPCT_Images/0282.jpg	z	0.700770700001158
3	27	FOODPCT_Images/0438.jpg	70	45	42	FOODPCT_Images/0065.jpg	15	60	73	FOODPCT_Images/0065.jpg	m	0.705218099988997
3	28	FOODPCT_Images/0365.jpg	87	66	45	FOODPCT_Images/0841.jpg	5	84	66	FOODPCT_Images/0365.jpg	z	2.12724939989857
3	29	FOODPCT_Images/0914.jpg	6	66	17	FOODPCT_Images/0827.jpg	73	55	35	FOODPCT_Images/0827.jpg	m	0.561933899996802
3	30	FOODPCT_Images/0065.jpg	15	60	73	FOODPCT_Images/0116.jpg	9	98	94	FOODPCT_Images/0116.jpg	m	0.598375700064935
3	31	FOODPCT_Images/0614.jpg	78	66	92	FOODPCT_Images/0827.jpg	73	55	35	FOODPCT_Images/0827.jpg	m	1.58616260008421
3	32	FOODPCT_Images/0841.jpg	5	84	66	FOODPCT_Images/0912.jpg	10	15	9	FOODPCT_Images/0912.jpg	m	0.687667299993336
3	33	FOODPCT_Images/0827.jpg	73	55	35	FOODPCT_Images/0841.jpg	5	84	66	FOODPCT_Images/0827.jpg	z	1.54360560001805
3	34	FOODPCT_Images/0614.jpg	78	66	92	FOODPCT_Images/0261.jpg	80	53	60	FOODPCT_Images/0614.jpg	z	0.751958500011824
3	35	FOODPCT_Images/0294.jpg	16	84	68	FOODPCT_Images/0261.jpg	80	53	60	FOODPCT_Images/0294.jpg	z	0.715044400072657
3	36	FOODPCT_Images/0294.jpg	16	84	68	FOODPCT_Images/0236.jpg	87	59	96	FOODPCT_Images/0236.jpg	m	0.532054199953564
3	37	FOODPCT_Images/0261.jpg	80	53	60	FOODPCT_Images/0830.jpg	83	65	41	FOODPCT_Images/0830.jpg	m	0.685611500055529
3	38	FOODPCT_Images/0914.jpg	6	66	17	FOODPCT_Images/0261.jpg	80	53	60	FOODPCT_Images/0261.jpg	m	1.05882250005379
3	39	FOODPCT_Images/0282.jpg	88	58	66	FOODPCT_Images/0796.jpg	90	64	80	FOODPCT_Images/0796.jpg	m	1.08274630003143
3	40	FOODPCT_Images/0065.jpg	15	60	73	FOODPCT_Images/0261.jpg	80	53	60	FOODPCT_Images/0065.jpg	z	0.73932860000059
3	41	FOODPCT_Images/0116.jpg	9	98	94	FOODPCT_Images/0752.jpg	97	85	38	FOODPCT_Images/0116.jpg	z	0.606912199989893
3	42	FOODPCT_Images/0536.jpg	64	68	70	FOODPCT_Images/0282.jpg	88	58	66	FOODPCT_Images/0282.jpg	m	0.765850400086492
3	43	FOODPCT_Images/0438.jpg	70	45	42	FOODPCT_Images/0914.jpg	6	66	17	FOODPCT_Images/0438.jpg	z	1.12465160002466
3	44	FOODPCT_Images/0912.jpg	10	15	9	FOODPCT_Images/0236.jpg	87	59	96	FOODPCT_Images/0236.jpg	m	0.698538099997677
3	45	FOODPCT_Images/0226.jpg	86	55	78	FOODPCT_Images/0881.jpg	84	54	70	FOODPCT_Images/0881.jpg	m	0.600706099998206
3	46	FOODPCT_Images/0236.jpg	87	59	96	FOODPCT_Images/0796.jpg	90	64	80	FOODPCT_Images/0236.jpg	z	0.721069600083865
3	47	FOODPCT_Images/0841.jpg	5	84	66	FOODPCT_Images/0046.jpg	12	82	91	FOODPCT_Images/0046.jpg	m	0.633175700088032
3	48	FOODPCT_Images/0294.jpg	16	84	68	FOODPCT_Images/0226.jpg	86	55	78	FOODPCT_Images/0226.jpg	m	1.4639188000001
3	49	FOODPCT_Images/0373.jpg	9	76	89	FOODPCT_Images/0914.jpg	6	66	17	FOODPCT_Images/0373.jpg	z	0.67244330001995
3	50	FOODPCT_Images/0116.jpg	9	98	94	FOODPCT_Images/0199.jpg	86	72	60	FOODPCT_Images/0116.jpg	z	1.05601790000219
3	51	FOODPCT_Images/0536.jpg	64	68	70	FOODPCT_Images/0065.jpg	15	60	73	FOODPCT_Images/0065.jpg	m	0.565992100047879
3	52	FOODPCT_Images/0373.jpg	9	76	89	FOODPCT_Images/0116.jpg	9	98	94	FOODPCT_Images/0116.jpg	m	0.5644160999218
3	53	FOODPCT_Images/0294.jpg	16	84	68	FOODPCT_Images/0116.jpg	9	98	94	FOODPCT_Images/0116.jpg	m	0.524624700075947
3	54	FOODPCT_Images/0373.jpg	9	76	89	FOODPCT_Images/0658.jpg	20	89	83	FOODPCT_Images/0373.jpg	z	0.689583500032313
3	55	FOODPCT_Images/0046.jpg	12	82	91	FOODPCT_Images/0438.jpg	70	45	42	FOODPCT_Images/0046.jpg	z	0.738831200054847
3	56	FOODPCT_Images/0180.jpg	61	68	80	FOODPCT_Images/0912.jpg	10	15	9	FOODPCT_Images/0912.jpg	m	1.27226939995307
3	57	FOODPCT_Images/0539.jpg	90	61	68	FOODPCT_Images/0046.jpg	12	82	91	FOODPCT_Images/0046.jpg	m	0.791242300067097
3	58	FOODPCT_Images/0236.jpg	87	59	96	FOODPCT_Images/0116.jpg	9	98	94	FOODPCT_Images/0236.jpg	z	2.26483000000007
3	59	FOODPCT_Images/0914.jpg	6	66	17	FOODPCT_Images/0180.jpg	61	68	80	FOODPCT_Images/0180.jpg	m	0.910909999976866
4	0	FOODPCT_Images/0827.jpg	73	55	35	FOODPCT_Images/0752.jpg	97	85	38	FOODPCT_Images/0752.jpg	m	2.71588190004695
4	1	FOODPCT_Images/0373.jpg	9	76	89	FOODPCT_Images/0827.jpg	73	55	35	FOODPCT_Images/0373.jpg	z	0.516894100001082
4	2	FOODPCT_Images/0365.jpg	87	66	45	FOODPCT_Images/0658.jpg	20	89	83	FOODPCT_Images/0365.jpg	z	1.203786799917
4	3	FOODPCT_Images/0752.jpg	97	85	38	FOODPCT_Images/0830.jpg	83	65	41	FOODPCT_Images/0752.jpg	z	0.515634799958207
4	4	FOODPCT_Images/0912.jpg	10	15	9	FOODPCT_Images/0294.jpg	16	84	68	FOODPCT_Images/0912.jpg	z	0.951979800011031
4	5	FOODPCT_Images/0536.jpg	64	68	70	FOODPCT_Images/0438.jpg	70	45	42	FOODPCT_Images/0536.jpg	z	0.645990899996832
4	6	FOODPCT_Images/0199.jpg	86	72	60	FOODPCT_Images/0065.jpg	15	60	73	FOODPCT_Images/0065.jpg	m	0.78836740006227
4	7	FOODPCT_Images/0226.jpg	86	55	78	FOODPCT_Images/0827.jpg	73	55	35	FOODPCT_Images/0827.jpg	m	0.855089299962856
4	8	FOODPCT_Images/0912.jpg	10	15	9	FOODPCT_Images/0914.jpg	6	66	17	FOODPCT_Images/0912.jpg	z	0.686075699981302
4	9	FOODPCT_Images/0536.jpg	64	68	70	FOODPCT_Images/0236.jpg	87	59	96	FOODPCT_Images/0236.jpg	m	0.546348300063983
4	10	FOODPCT_Images/0796.jpg	90	64	80	FOODPCT_Images/0180.jpg	61	68	80	FOODPCT_Images/0796.jpg	z	0.640712799970061
4	11	FOODPCT_Images/0180.jpg	61	68	80	FOODPCT_Images/0539.jpg	90	61	68	FOODPCT_Images/0539.jpg	m	0.917312400066294
4	12	FOODPCT_Images/0116.jpg	9	98	94	FOODPCT_Images/0881.jpg	84	54	70	FOODPCT_Images/0116.jpg	z	0.785630399943329
4	13	FOODPCT_Images/0261.jpg	80	53	60	FOODPCT_Images/0116.jpg	9	98	94	FOODPCT_Images/0116.jpg	m	0.756153799942695
4	14	FOODPCT_Images/0881.jpg	84	54	70	FOODPCT_Images/0199.jpg	86	72	60	FOODPCT_Images/0881.jpg	z	0.560354199958965
4	15	FOODPCT_Images/0539.jpg	90	61	68	FOODPCT_Images/0199.jpg	86	72	60	FOODPCT_Images/0199.jpg	m	0.552440400002524
4	16	FOODPCT_Images/0912.jpg	10	15	9	FOODPCT_Images/0796.jpg	90	64	80	FOODPCT_Images/0796.jpg	m	0.810886099934578
4	17	FOODPCT_Images/0827.jpg	73	55	35	FOODPCT_Images/0180.jpg	61	68	80	FOODPCT_Images/0827.jpg	z	0.606062199920416
4	18	FOODPCT_Images/0536.jpg	64	68	70	FOODPCT_Images/0614.jpg	78	66	92	FOODPCT_Images/0614.jpg	m	1.10412680008449
4	19	FOODPCT_Images/0199.jpg	86	72	60	FOODPCT_Images/0236.jpg	87	59	96	FOODPCT_Images/0236.jpg	m	1.04622909997124
4	20	FOODPCT_Images/0914.jpg	6	66	17	FOODPCT_Images/0841.jpg	5	84	66	FOODPCT_Images/0841.jpg	m	0.654726500040852
4	21	FOODPCT_Images/0830.jpg	83	65	41	FOODPCT_Images/0539.jpg	90	61	68	FOODPCT_Images/0830.jpg	z	0.729795000050217
4	22	FOODPCT_Images/0236.jpg	87	59	96	FOODPCT_Images/0373.jpg	9	76	89	FOODPCT_Images/0236.jpg	z	1.71129510004539
4	23	FOODPCT_Images/0912.jpg	10	15	9	FOODPCT_Images/0065.jpg	15	60	73	FOODPCT_Images/0065.jpg	m	0.619724199990742
4	24	FOODPCT_Images/0830.jpg	83	65	41	FOODPCT_Images/0438.jpg	70	45	42	FOODPCT_Images/0830.jpg	z	1.1912852000678
4	25	FOODPCT_Images/0046.jpg	12	82	91	FOODPCT_Images/0912.jpg	10	15	9	FOODPCT_Images/0046.jpg	z	0.776409200043418
4	26	FOODPCT_Images/0841.jpg	5	84	66	FOODPCT_Images/0881.jpg	84	54	70	FOODPCT_Images/0881.jpg	m	0.600927999941632
4	27	FOODPCT_Images/0827.jpg	73	55	35	FOODPCT_Images/0536.jpg	64	68	70	FOODPCT_Images/0827.jpg	z	0.741081399959512
4	28	FOODPCT_Images/0282.jpg	88	58	66	FOODPCT_Images/0226.jpg	86	55	78	FOODPCT_Images/0282.jpg	z	0.898312300094403
4	29	FOODPCT_Images/0830.jpg	83	65	41	FOODPCT_Images/0294.jpg	16	84	68	FOODPCT_Images/0830.jpg	z	0.732316400040872
4	30	FOODPCT_Images/0226.jpg	86	55	78	FOODPCT_Images/0046.jpg	12	82	91	FOODPCT_Images/0046.jpg	m	0.854915699921548
4	31	FOODPCT_Images/0614.jpg	78	66	92	FOODPCT_Images/0365.jpg	87	66	45	FOODPCT_Images/0365.jpg	m	0.561201000004075
4	32	FOODPCT_Images/0065.jpg	15	60	73	FOODPCT_Images/0796.jpg	90	64	80	FOODPCT_Images/0796.jpg	m	0.48523800005205
4	33	FOODPCT_Images/0912.jpg	10	15	9	FOODPCT_Images/0438.jpg	70	45	42	FOODPCT_Images/0912.jpg	z	0.830435000010766
4	34	FOODPCT_Images/0180.jpg	61	68	80	FOODPCT_Images/0236.jpg	87	59	96	FOODPCT_Images/0236.jpg	m	0.554614300024696
4	35	FOODPCT_Images/0841.jpg	5	84	66	FOODPCT_Images/0438.jpg	70	45	42	FOODPCT_Images/0841.jpg	z	0.626396900042892
4	36	FOODPCT_Images/0881.jpg	84	54	70	FOODPCT_Images/0236.jpg	87	59	96	FOODPCT_Images/0236.jpg	m	0.675051100086421
4	37	FOODPCT_Images/0841.jpg	5	84	66	FOODPCT_Images/0373.jpg	9	76	89	FOODPCT_Images/0373.jpg	m	0.96126159990672
4	38	FOODPCT_Images/0614.jpg	78	66	92	FOODPCT_Images/0658.jpg	20	89	83	FOODPCT_Images/0614.jpg	z	1.1914121999871
4	39	FOODPCT_Images/0046.jpg	12	82	91	FOODPCT_Images/0914.jpg	6	66	17	FOODPCT_Images/0046.jpg	z	0.864316600025631
4	40	FOODPCT_Images/0438.jpg	70	45	42	FOODPCT_Images/0226.jpg	86	55	78	FOODPCT_Images/0226.jpg	m	1.28514249995351
4	41	FOODPCT_Images/0614.jpg	78	66	92	FOODPCT_Images/0116.jpg	9	98	94	FOODPCT_Images/0116.jpg	m	0.608428400009871
4	42	FOODPCT_Images/0536.jpg	64	68	70	FOODPCT_Images/0539.jpg	90	61	68	FOODPCT_Images/0536.jpg	z	0.96472300007008
4	43	FOODPCT_Images/0658.jpg	20	89	83	FOODPCT_Images/0282.jpg	88	58	66	FOODPCT_Images/0658.jpg	z	1.07053220004309
4	44	FOODPCT_Images/0827.jpg	73	55	35	FOODPCT_Images/0881.jpg	84	54	70	FOODPCT_Images/0881.jpg	m	0.780182200018317
4	45	FOODPCT_Images/0881.jpg	84	54	70	FOODPCT_Images/0536.jpg	64	68	70	FOODPCT_Images/0881.jpg	z	0.647689100005664
4	46	FOODPCT_Images/0046.jpg	12	82	91	FOODPCT_Images/0373.jpg	9	76	89	FOODPCT_Images/0046.jpg	z	0.847732700058259
4	47	FOODPCT_Images/0536.jpg	64	68	70	FOODPCT_Images/0199.jpg	86	72	60	FOODPCT_Images/0199.jpg	m	0.566493100021034
4	48	FOODPCT_Images/0282.jpg	88	58	66	FOODPCT_Images/0365.jpg	87	66	45	FOODPCT_Images/0282.jpg	z	1.0741273999447
4	49	FOODPCT_Images/0914.jpg	6	66	17	FOODPCT_Images/0752.jpg	97	85	38	FOODPCT_Images/0752.jpg	m	0.790639200014994
4	50	FOODPCT_Images/0830.jpg	83	65	41	FOODPCT_Images/0046.jpg	12	82	91	FOODPCT_Images/0830.jpg	z	1.98897039995063
4	51	FOODPCT_Images/0261.jpg	80	53	60	FOODPCT_Images/0180.jpg	61	68	80	FOODPCT_Images/0261.jpg	z	1.3846117000794
4	52	FOODPCT_Images/0752.jpg	97	85	38	FOODPCT_Images/0046.jpg	12	82	91	FOODPCT_Images/0752.jpg	z	0.661820099921897
4	53	FOODPCT_Images/0365.jpg	87	66	45	FOODPCT_Images/0199.jpg	86	72	60	FOODPCT_Images/0199.jpg	m	0.58634829998482
4	54	FOODPCT_Images/0226.jpg	86	55	78	FOODPCT_Images/0658.jpg	20	89	83	FOODPCT_Images/0658.jpg	m	1.10910250002053
4	55	FOODPCT_Images/0226.jpg	86	55	78	FOODPCT_Images/0752.jpg	97	85	38	FOODPCT_Images/0752.jpg	m	0.706131999962963
4	56	FOODPCT_Images/0796.jpg	90	64	80	FOODPCT_Images/0261.jpg	80	53	60	FOODPCT_Images/0796.jpg	z	0.609810200054199
4	57	FOODPCT_Images/0180.jpg	61	68	80	FOODPCT_Images/0841.jpg	5	84	66	FOODPCT_Images/0841.jpg	m	1.22947889997158
4	58	FOODPCT_Images/0614.jpg	78	66	92	FOODPCT_Images/0796.jpg	90	64	80	FOODPCT_Images/0796.jpg	m	2.12702169991098
4	59	FOODPCT_Images/0365.jpg	87	66	45	FOODPCT_Images/0539.jpg	90	61	68	FOODPCT_Images/0365.jpg	z	1.01611349999439
