blockNo	trialNoPerBlock	stim1_path	stim1_healthRating	stim1_tasteRating	stim1_willingToEatRating	stim2_path	stim2_healthRating	stim2_tasteRating	stim2_willingToEatRating	stimChosen_path	respKey	respRT
0	0	FOODPCT_Images/0925.jpg	39	61	7	FOODPCT_Images/0319.jpg	69	90	96	FOODPCT_Images/0925.jpg	z	1.86147709999932
0	1	FOODPCT_Images/0917.jpg	13	52	24	FOODPCT_Images/0445.jpg	100	100	100	FOODPCT_Images/0445.jpg	m	1.23511199999484
0	2	FOODPCT_Images/0188.jpg	30	85	84	FOODPCT_Images/0752.jpg	100	100	100	FOODPCT_Images/0752.jpg	m	1.19683709999663
0	3	FOODPCT_Images/0567.jpg	100	100	100	FOODPCT_Images/0924.jpg	41	55	6	FOODPCT_Images/0567.jpg	z	1.03208699998504
0	4	FOODPCT_Images/0244.jpg	80	18	27	FOODPCT_Images/0567.jpg	100	100	100	FOODPCT_Images/0567.jpg	m	1.02000899999985
0	5	FOODPCT_Images/0046.jpg	30	64	76	FOODPCT_Images/0902.jpg	29	69	52	FOODPCT_Images/0902.jpg	m	1.17451690000598
0	6	FOODPCT_Images/0445.jpg	100	100	100	FOODPCT_Images/0567.jpg	100	100	100	FOODPCT_Images/0567.jpg	m	1.09148719998484
0	7	FOODPCT_Images/0515.jpg	21	90	94	FOODPCT_Images/0685.jpg	61	90	100	FOODPCT_Images/0685.jpg	m	2.01993669998774
0	8	FOODPCT_Images/0319.jpg	69	90	96	FOODPCT_Images/0547.jpg	7	38	6	FOODPCT_Images/0547.jpg	m	1.11785049999889
0	9	FOODPCT_Images/0529.jpg	100	100	100	FOODPCT_Images/0202.jpg	100	100	100	FOODPCT_Images/0202.jpg	m	1.65645449998556
0	10	FOODPCT_Images/0925.jpg	39	61	7	FOODPCT_Images/0244.jpg	80	18	27	FOODPCT_Images/0925.jpg	z	0.993493300004047
0	11	FOODPCT_Images/0830.jpg	100	100	100	FOODPCT_Images/0262.jpg	100	100	100	FOODPCT_Images/0830.jpg	z	1.13058319999254
0	12	FOODPCT_Images/0188.jpg	30	85	84	FOODPCT_Images/0705.jpg	27	71	95	FOODPCT_Images/0188.jpg	z	1.13333939999575
0	13	FOODPCT_Images/0830.jpg	100	100	100	FOODPCT_Images/0685.jpg	61	90	100	FOODPCT_Images/0685.jpg	m	1.64574880000146
0	14	FOODPCT_Images/0878.jpg	32	89	95	FOODPCT_Images/0567.jpg	100	100	100	FOODPCT_Images/0567.jpg	m	1.48478990000149
0	15	FOODPCT_Images/0925.jpg	39	61	7	FOODPCT_Images/0915.jpg	72	33	45	FOODPCT_Images/0925.jpg	z	1.58583469998848
0	16	FOODPCT_Images/0917.jpg	13	52	24	FOODPCT_Images/0685.jpg	61	90	100	FOODPCT_Images/0685.jpg	m	2.17922209999233
0	17	FOODPCT_Images/0547.jpg	7	38	6	FOODPCT_Images/0445.jpg	100	100	100	FOODPCT_Images/0547.jpg	z	1.21114420000231
0	18	FOODPCT_Images/0567.jpg	100	100	100	FOODPCT_Images/0917.jpg	13	52	24	FOODPCT_Images/0567.jpg	z	1.43037439999171
0	19	FOODPCT_Images/0567.jpg	100	100	100	FOODPCT_Images/0046.jpg	30	64	76	FOODPCT_Images/0567.jpg	z	0.921200600001612
0	20	FOODPCT_Images/0830.jpg	100	100	100	FOODPCT_Images/0917.jpg	13	52	24	FOODPCT_Images/0830.jpg	z	2.2761540000065
0	21	FOODPCT_Images/0319.jpg	69	90	96	FOODPCT_Images/0515.jpg	21	90	94	FOODPCT_Images/0319.jpg	z	1.05049529999087
0	22	FOODPCT_Images/0202.jpg	100	100	100	FOODPCT_Images/0262.jpg	100	100	100	FOODPCT_Images/0202.jpg	z	0.736863099999027
0	23	FOODPCT_Images/0319.jpg	69	90	96	FOODPCT_Images/0902.jpg	29	69	52	FOODPCT_Images/0902.jpg	m	0.895589799998561
0	24	FOODPCT_Images/0046.jpg	30	64	76	FOODPCT_Images/0925.jpg	39	61	7	FOODPCT_Images/0925.jpg	m	1.64682629999879
0	25	FOODPCT_Images/0188.jpg	30	85	84	FOODPCT_Images/0319.jpg	69	90	96	FOODPCT_Images/0319.jpg	m	1.24507079999603
0	26	FOODPCT_Images/0917.jpg	13	52	24	FOODPCT_Images/0046.jpg	30	64	76	FOODPCT_Images/0917.jpg	z	1.68587200000184
0	27	FOODPCT_Images/0752.jpg	100	100	100	FOODPCT_Images/0046.jpg	30	64	76	FOODPCT_Images/0752.jpg	z	0.80897479999112
0	28	FOODPCT_Images/0794.jpg	100	100	100	FOODPCT_Images/0445.jpg	100	100	100	FOODPCT_Images/0794.jpg	z	1.19163840000692
0	29	FOODPCT_Images/0567.jpg	100	100	100	FOODPCT_Images/0515.jpg	21	90	94	FOODPCT_Images/0567.jpg	z	1.46442389998992
0	30	FOODPCT_Images/0924.jpg	41	55	6	FOODPCT_Images/0202.jpg	100	100	100	FOODPCT_Images/0202.jpg	m	0.85533389999182
0	31	FOODPCT_Images/0567.jpg	100	100	100	FOODPCT_Images/0319.jpg	69	90	96	FOODPCT_Images/0319.jpg	m	1.35387960000662
0	32	FOODPCT_Images/0529.jpg	100	100	100	FOODPCT_Images/0188.jpg	30	85	84	FOODPCT_Images/0188.jpg	m	1.35858260000532
0	33	FOODPCT_Images/0188.jpg	30	85	84	FOODPCT_Images/0547.jpg	7	38	6	FOODPCT_Images/0188.jpg	z	1.25095210000291
0	34	FOODPCT_Images/0878.jpg	32	89	95	FOODPCT_Images/0183.jpg	58	69	76	FOODPCT_Images/0878.jpg	z	1.33477990000392
0	35	FOODPCT_Images/0924.jpg	41	55	6	FOODPCT_Images/0925.jpg	39	61	7	FOODPCT_Images/0925.jpg	m	0.910448800001177
0	36	FOODPCT_Images/0202.jpg	100	100	100	FOODPCT_Images/0188.jpg	30	85	84	FOODPCT_Images/0188.jpg	m	1.64927320000425
0	37	FOODPCT_Images/0924.jpg	41	55	6	FOODPCT_Images/0046.jpg	30	64	76	FOODPCT_Images/0046.jpg	m	1.53450819999853
0	38	FOODPCT_Images/0830.jpg	100	100	100	FOODPCT_Images/0640.jpg	100	100	100	FOODPCT_Images/0830.jpg	z	0.954763699992327
0	39	FOODPCT_Images/0244.jpg	80	18	27	FOODPCT_Images/0685.jpg	61	90	100	FOODPCT_Images/0685.jpg	m	1.11860030000389
0	40	FOODPCT_Images/0183.jpg	58	69	76	FOODPCT_Images/0917.jpg	13	52	24	FOODPCT_Images/0183.jpg	z	1.02350840000145
0	41	FOODPCT_Images/0262.jpg	100	100	100	FOODPCT_Images/0917.jpg	13	52	24	FOODPCT_Images/0262.jpg	z	1.46158709999872
0	42	FOODPCT_Images/0640.jpg	100	100	100	FOODPCT_Images/0350.jpg	61	77	92	FOODPCT_Images/0640.jpg	z	1.72056649999286
0	43	FOODPCT_Images/0752.jpg	100	100	100	FOODPCT_Images/0350.jpg	61	77	92	FOODPCT_Images/0752.jpg	z	1.19681900000433
0	44	FOODPCT_Images/0925.jpg	39	61	7	FOODPCT_Images/0917.jpg	13	52	24	FOODPCT_Images/0925.jpg	z	1.29116919999069
0	45	FOODPCT_Images/0350.jpg	61	77	92	FOODPCT_Images/0183.jpg	58	69	76	FOODPCT_Images/0183.jpg	m	1.00424779999594
0	46	FOODPCT_Images/0183.jpg	58	69	76	FOODPCT_Images/0915.jpg	72	33	45	FOODPCT_Images/0183.jpg	z	1.01080410000577
0	47	FOODPCT_Images/0830.jpg	100	100	100	FOODPCT_Images/0515.jpg	21	90	94	FOODPCT_Images/0830.jpg	z	1.62812609999673
0	48	FOODPCT_Images/0547.jpg	7	38	6	FOODPCT_Images/0924.jpg	41	55	6	FOODPCT_Images/0547.jpg	z	1.03985699999612
0	49	FOODPCT_Images/0640.jpg	100	100	100	FOODPCT_Images/0529.jpg	100	100	100	FOODPCT_Images/0529.jpg	m	1.44813810000778
0	50	FOODPCT_Images/0925.jpg	39	61	7	FOODPCT_Images/0515.jpg	21	90	94	FOODPCT_Images/0515.jpg	m	1.16513280000072
0	51	FOODPCT_Images/0350.jpg	61	77	92	FOODPCT_Images/0244.jpg	80	18	27	FOODPCT_Images/0350.jpg	z	1.24610190000385
0	52	FOODPCT_Images/0752.jpg	100	100	100	FOODPCT_Images/0685.jpg	61	90	100	FOODPCT_Images/0685.jpg	m	0.897377000001143
0	53	FOODPCT_Images/0515.jpg	21	90	94	FOODPCT_Images/0547.jpg	7	38	6	FOODPCT_Images/0547.jpg	m	1.78062330000103
0	54	FOODPCT_Images/0640.jpg	100	100	100	FOODPCT_Images/0183.jpg	58	69	76	FOODPCT_Images/0640.jpg	z	1.04590599999938
0	55	FOODPCT_Images/0547.jpg	7	38	6	FOODPCT_Images/0183.jpg	58	69	76	FOODPCT_Images/0547.jpg	z	1.43022969999583
0	56	FOODPCT_Images/0640.jpg	100	100	100	FOODPCT_Images/0567.jpg	100	100	100	FOODPCT_Images/0567.jpg	m	1.48729699999967
0	57	FOODPCT_Images/0917.jpg	13	52	24	FOODPCT_Images/0752.jpg	100	100	100	FOODPCT_Images/0752.jpg	m	1.23544190000393
0	58	FOODPCT_Images/0830.jpg	100	100	100	FOODPCT_Images/0547.jpg	7	38	6	FOODPCT_Images/0830.jpg	z	1.28193409999949
0	59	FOODPCT_Images/0915.jpg	72	33	45	FOODPCT_Images/0794.jpg	100	100	100	FOODPCT_Images/0794.jpg	m	0.937238700003945
1	0	FOODPCT_Images/0917.jpg	13	52	24	FOODPCT_Images/0529.jpg	100	100	100	FOODPCT_Images/0529.jpg	m	1.06076019999455
1	1	FOODPCT_Images/0794.jpg	100	100	100	FOODPCT_Images/0183.jpg	58	69	76	FOODPCT_Images/0794.jpg	z	1.25183039999683
1	2	FOODPCT_Images/0915.jpg	72	33	45	FOODPCT_Images/0515.jpg	21	90	94	FOODPCT_Images/0515.jpg	m	0.864741099998355
1	3	FOODPCT_Images/0915.jpg	72	33	45	FOODPCT_Images/0547.jpg	7	38	6	FOODPCT_Images/0547.jpg	m	1.16944050000166
1	4	FOODPCT_Images/0925.jpg	39	61	7	FOODPCT_Images/0705.jpg	27	71	95	FOODPCT_Images/0705.jpg	m	1.5213109000033
1	5	FOODPCT_Images/0685.jpg	61	90	100	FOODPCT_Images/0902.jpg	29	69	52	FOODPCT_Images/0685.jpg	z	1.13546530000167
1	6	FOODPCT_Images/0202.jpg	100	100	100	FOODPCT_Images/0547.jpg	7	38	6	FOODPCT_Images/0202.jpg	z	1.02919549999933
1	7	FOODPCT_Images/0878.jpg	32	89	95	FOODPCT_Images/0350.jpg	61	77	92	FOODPCT_Images/0878.jpg	z	1.57055210000544
1	8	FOODPCT_Images/0917.jpg	13	52	24	FOODPCT_Images/0350.jpg	61	77	92	FOODPCT_Images/0350.jpg	m	1.179862399993
1	9	FOODPCT_Images/0529.jpg	100	100	100	FOODPCT_Images/0244.jpg	80	18	27	FOODPCT_Images/0529.jpg	z	1.14934730000095
1	10	FOODPCT_Images/0244.jpg	80	18	27	FOODPCT_Images/0915.jpg	72	33	45	FOODPCT_Images/0915.jpg	m	1.65623829999822
1	11	FOODPCT_Images/0925.jpg	39	61	7	FOODPCT_Images/0752.jpg	100	100	100	FOODPCT_Images/0752.jpg	m	1.16701819999435
1	12	FOODPCT_Images/0878.jpg	32	89	95	FOODPCT_Images/0244.jpg	80	18	27	FOODPCT_Images/0878.jpg	z	1.16233839999768
1	13	FOODPCT_Images/0752.jpg	100	100	100	FOODPCT_Images/0640.jpg	100	100	100	FOODPCT_Images/0752.jpg	z	1.34959349999554
1	14	FOODPCT_Images/0917.jpg	13	52	24	FOODPCT_Images/0902.jpg	29	69	52	FOODPCT_Images/0902.jpg	m	1.14838309999323
1	15	FOODPCT_Images/0902.jpg	29	69	52	FOODPCT_Images/0350.jpg	61	77	92	FOODPCT_Images/0902.jpg	z	1.49923880001006
1	16	FOODPCT_Images/0685.jpg	61	90	100	FOODPCT_Images/0547.jpg	7	38	6	FOODPCT_Images/0685.jpg	z	1.27471829998831
1	17	FOODPCT_Images/0705.jpg	27	71	95	FOODPCT_Images/0924.jpg	41	55	6	FOODPCT_Images/0705.jpg	z	1.48242700000992
1	18	FOODPCT_Images/0705.jpg	27	71	95	FOODPCT_Images/0685.jpg	61	90	100	FOODPCT_Images/0685.jpg	m	1.35716580000008
1	19	FOODPCT_Images/0705.jpg	27	71	95	FOODPCT_Images/0445.jpg	100	100	100	FOODPCT_Images/0705.jpg	z	1.06569139998464
1	20	FOODPCT_Images/0529.jpg	100	100	100	FOODPCT_Images/0262.jpg	100	100	100	FOODPCT_Images/0529.jpg	z	1.2420764999988
1	21	FOODPCT_Images/0830.jpg	100	100	100	FOODPCT_Images/0705.jpg	27	71	95	FOODPCT_Images/0830.jpg	z	1.1599744999985
1	22	FOODPCT_Images/0915.jpg	72	33	45	FOODPCT_Images/0046.jpg	30	64	76	FOODPCT_Images/0046.jpg	m	1.79638279999199
1	23	FOODPCT_Images/0925.jpg	39	61	7	FOODPCT_Images/0262.jpg	100	100	100	FOODPCT_Images/0925.jpg	z	1.27463589998661
1	24	FOODPCT_Images/0640.jpg	100	100	100	FOODPCT_Images/0244.jpg	80	18	27	FOODPCT_Images/0640.jpg	z	1.43975289999798
1	25	FOODPCT_Images/0705.jpg	27	71	95	FOODPCT_Images/0319.jpg	69	90	96	FOODPCT_Images/0319.jpg	m	0.959342400004971
1	26	FOODPCT_Images/0183.jpg	58	69	76	FOODPCT_Images/0925.jpg	39	61	7	FOODPCT_Images/0925.jpg	m	1.42327079999086
1	27	FOODPCT_Images/0902.jpg	29	69	52	FOODPCT_Images/0925.jpg	39	61	7	FOODPCT_Images/0902.jpg	z	0.946587799990084
1	28	FOODPCT_Images/0445.jpg	100	100	100	FOODPCT_Images/0925.jpg	39	61	7	FOODPCT_Images/0925.jpg	m	1.77332759999263
1	29	FOODPCT_Images/0924.jpg	41	55	6	FOODPCT_Images/0244.jpg	80	18	27	FOODPCT_Images/0244.jpg	m	1.45421169999463
1	30	FOODPCT_Images/0445.jpg	100	100	100	FOODPCT_Images/0188.jpg	30	85	84	FOODPCT_Images/0188.jpg	m	1.95741299999645
1	31	FOODPCT_Images/0640.jpg	100	100	100	FOODPCT_Images/0202.jpg	100	100	100	FOODPCT_Images/0202.jpg	m	1.1769110999885
1	32	FOODPCT_Images/0202.jpg	100	100	100	FOODPCT_Images/0915.jpg	72	33	45	FOODPCT_Images/0202.jpg	z	0.890357600001153
1	33	FOODPCT_Images/0915.jpg	72	33	45	FOODPCT_Images/0685.jpg	61	90	100	FOODPCT_Images/0685.jpg	m	1.36220669999602
1	34	FOODPCT_Images/0046.jpg	30	64	76	FOODPCT_Images/0529.jpg	100	100	100	FOODPCT_Images/0046.jpg	z	1.01475610000489
1	35	FOODPCT_Images/0188.jpg	30	85	84	FOODPCT_Images/0917.jpg	13	52	24	FOODPCT_Images/0188.jpg	z	1.00843380000151
1	36	FOODPCT_Images/0445.jpg	100	100	100	FOODPCT_Images/0830.jpg	100	100	100	FOODPCT_Images/0445.jpg	z	1.76276579999831
1	37	FOODPCT_Images/0752.jpg	100	100	100	FOODPCT_Images/0547.jpg	7	38	6	FOODPCT_Images/0752.jpg	z	1.55829109999468
1	38	FOODPCT_Images/0202.jpg	100	100	100	FOODPCT_Images/0917.jpg	13	52	24	FOODPCT_Images/0202.jpg	z	1.56181480000669
1	39	FOODPCT_Images/0752.jpg	100	100	100	FOODPCT_Images/0183.jpg	58	69	76	FOODPCT_Images/0752.jpg	z	1.01989130000584
1	40	FOODPCT_Images/0917.jpg	13	52	24	FOODPCT_Images/0547.jpg	7	38	6	FOODPCT_Images/0547.jpg	m	0.931905499994173
1	41	FOODPCT_Images/0350.jpg	61	77	92	FOODPCT_Images/0319.jpg	69	90	96	FOODPCT_Images/0319.jpg	m	0.902277999994112
1	42	FOODPCT_Images/0902.jpg	29	69	52	FOODPCT_Images/0244.jpg	80	18	27	FOODPCT_Images/0902.jpg	z	1.14861850001034
1	43	FOODPCT_Images/0515.jpg	21	90	94	FOODPCT_Images/0529.jpg	100	100	100	FOODPCT_Images/0529.jpg	m	1.24501270000474
1	44	FOODPCT_Images/0705.jpg	27	71	95	FOODPCT_Images/0515.jpg	21	90	94	FOODPCT_Images/0515.jpg	m	1.25261919999321
1	45	FOODPCT_Images/0567.jpg	100	100	100	FOODPCT_Images/0915.jpg	72	33	45	FOODPCT_Images/0567.jpg	z	1.06449520000024
1	46	FOODPCT_Images/0567.jpg	100	100	100	FOODPCT_Images/0752.jpg	100	100	100	FOODPCT_Images/0567.jpg	z	1.01441820000764
1	47	FOODPCT_Images/0445.jpg	100	100	100	FOODPCT_Images/0902.jpg	29	69	52	FOODPCT_Images/0902.jpg	m	1.78528459998779
1	48	FOODPCT_Images/0046.jpg	30	64	76	FOODPCT_Images/0183.jpg	58	69	76	FOODPCT_Images/0046.jpg	z	1.06550830000197
1	49	FOODPCT_Images/0567.jpg	100	100	100	FOODPCT_Images/0685.jpg	61	90	100	FOODPCT_Images/0685.jpg	m	1.99911869999778
1	50	FOODPCT_Images/0567.jpg	100	100	100	FOODPCT_Images/0262.jpg	100	100	100	FOODPCT_Images/0567.jpg	z	1.65070019999985
1	51	FOODPCT_Images/0752.jpg	100	100	100	FOODPCT_Images/0529.jpg	100	100	100	FOODPCT_Images/0752.jpg	z	1.30611419999332
1	52	FOODPCT_Images/0878.jpg	32	89	95	FOODPCT_Images/0188.jpg	30	85	84	FOODPCT_Images/0188.jpg	m	1.37761889999092
1	53	FOODPCT_Images/0515.jpg	21	90	94	FOODPCT_Images/0917.jpg	13	52	24	FOODPCT_Images/0515.jpg	z	1.58366779999051
1	54	FOODPCT_Images/0445.jpg	100	100	100	FOODPCT_Images/0529.jpg	100	100	100	FOODPCT_Images/0445.jpg	z	1.5705525999947
1	55	FOODPCT_Images/0183.jpg	58	69	76	FOODPCT_Images/0705.jpg	27	71	95	FOODPCT_Images/0705.jpg	m	1.4187976999965
1	56	FOODPCT_Images/0830.jpg	100	100	100	FOODPCT_Images/0046.jpg	30	64	76	FOODPCT_Images/0830.jpg	z	1.33035889999883
1	57	FOODPCT_Images/0685.jpg	61	90	100	FOODPCT_Images/0350.jpg	61	77	92	FOODPCT_Images/0685.jpg	z	1.25397930000327
1	58	FOODPCT_Images/0925.jpg	39	61	7	FOODPCT_Images/0202.jpg	100	100	100	FOODPCT_Images/0202.jpg	m	1.26956669999345
1	59	FOODPCT_Images/0262.jpg	100	100	100	FOODPCT_Images/0794.jpg	100	100	100	FOODPCT_Images/0794.jpg	m	1.01241170000867
2	0	FOODPCT_Images/0915.jpg	72	33	45	FOODPCT_Images/0640.jpg	100	100	100	FOODPCT_Images/0640.jpg	m	1.90524139998888
2	1	FOODPCT_Images/0188.jpg	30	85	84	FOODPCT_Images/0685.jpg	61	90	100	FOODPCT_Images/0188.jpg	z	2.57029869999678
2	2	FOODPCT_Images/0046.jpg	30	64	76	FOODPCT_Images/0445.jpg	100	100	100	FOODPCT_Images/0445.jpg	m	1.04585750000842
2	3	FOODPCT_Images/0244.jpg	80	18	27	FOODPCT_Images/0515.jpg	21	90	94	FOODPCT_Images/0515.jpg	m	0.925086499992176
2	4	FOODPCT_Images/0902.jpg	29	69	52	FOODPCT_Images/0202.jpg	100	100	100	FOODPCT_Images/0202.jpg	m	1.02868739998667
2	5	FOODPCT_Images/0188.jpg	30	85	84	FOODPCT_Images/0830.jpg	100	100	100	FOODPCT_Images/0188.jpg	z	1.08794969999872
2	6	FOODPCT_Images/0262.jpg	100	100	100	FOODPCT_Images/0640.jpg	100	100	100	FOODPCT_Images/0640.jpg	m	0.88030729998718
2	7	FOODPCT_Images/0445.jpg	100	100	100	FOODPCT_Images/0202.jpg	100	100	100	FOODPCT_Images/0202.jpg	m	1.02924990000611
2	8	FOODPCT_Images/0924.jpg	41	55	6	FOODPCT_Images/0794.jpg	100	100	100	FOODPCT_Images/0794.jpg	m	1.09498169999279
2	9	FOODPCT_Images/0925.jpg	39	61	7	FOODPCT_Images/0830.jpg	100	100	100	FOODPCT_Images/0830.jpg	m	1.36694290000014
2	10	FOODPCT_Images/0830.jpg	100	100	100	FOODPCT_Images/0915.jpg	72	33	45	FOODPCT_Images/0830.jpg	z	1.01034249999793
2	11	FOODPCT_Images/0188.jpg	30	85	84	FOODPCT_Images/0515.jpg	21	90	94	FOODPCT_Images/0188.jpg	z	2.17155549999734
2	12	FOODPCT_Images/0529.jpg	100	100	100	FOODPCT_Images/0183.jpg	58	69	76	FOODPCT_Images/0529.jpg	z	1.21847179999168
2	13	FOODPCT_Images/0794.jpg	100	100	100	FOODPCT_Images/0925.jpg	39	61	7	FOODPCT_Images/0925.jpg	m	1.58596179999586
2	14	FOODPCT_Images/0350.jpg	61	77	92	FOODPCT_Images/0915.jpg	72	33	45	FOODPCT_Images/0915.jpg	m	2.26619759999448
2	15	FOODPCT_Images/0685.jpg	61	90	100	FOODPCT_Images/0183.jpg	58	69	76	FOODPCT_Images/0685.jpg	z	1.18535359999805
2	16	FOODPCT_Images/0319.jpg	69	90	96	FOODPCT_Images/0752.jpg	100	100	100	FOODPCT_Images/0752.jpg	m	1.70026379999763
2	17	FOODPCT_Images/0319.jpg	69	90	96	FOODPCT_Images/0445.jpg	100	100	100	FOODPCT_Images/0319.jpg	z	1.20735470000363
2	18	FOODPCT_Images/0244.jpg	80	18	27	FOODPCT_Images/0705.jpg	27	71	95	FOODPCT_Images/0705.jpg	m	1.15477189999365
2	19	FOODPCT_Images/0902.jpg	29	69	52	FOODPCT_Images/0262.jpg	100	100	100	FOODPCT_Images/0902.jpg	z	1.10952399999951
2	20	FOODPCT_Images/0917.jpg	13	52	24	FOODPCT_Images/0640.jpg	100	100	100	FOODPCT_Images/0640.jpg	m	1.92176299999119
2	21	FOODPCT_Images/0924.jpg	41	55	6	FOODPCT_Images/0902.jpg	29	69	52	FOODPCT_Images/0902.jpg	m	2.02133800000593
2	22	FOODPCT_Images/0794.jpg	100	100	100	FOODPCT_Images/0567.jpg	100	100	100	FOODPCT_Images/0567.jpg	m	0.937970499988296
2	23	FOODPCT_Images/0183.jpg	58	69	76	FOODPCT_Images/0567.jpg	100	100	100	FOODPCT_Images/0567.jpg	m	0.879579300002661
2	24	FOODPCT_Images/0202.jpg	100	100	100	FOODPCT_Images/0752.jpg	100	100	100	FOODPCT_Images/0202.jpg	z	2.35816969998996
2	25	FOODPCT_Images/0350.jpg	61	77	92	FOODPCT_Images/0925.jpg	39	61	7	FOODPCT_Images/0925.jpg	m	0.914210300004925
2	26	FOODPCT_Images/0794.jpg	100	100	100	FOODPCT_Images/0244.jpg	80	18	27	FOODPCT_Images/0794.jpg	z	0.854965999998967
2	27	FOODPCT_Images/0547.jpg	7	38	6	FOODPCT_Images/0925.jpg	39	61	7	FOODPCT_Images/0547.jpg	z	1.41351229998691
2	28	FOODPCT_Images/0445.jpg	100	100	100	FOODPCT_Images/0350.jpg	61	77	92	FOODPCT_Images/0445.jpg	z	0.820906999986619
2	29	FOODPCT_Images/0515.jpg	21	90	94	FOODPCT_Images/0794.jpg	100	100	100	FOODPCT_Images/0515.jpg	z	1.73841920000268
2	30	FOODPCT_Images/0529.jpg	100	100	100	FOODPCT_Images/0567.jpg	100	100	100	FOODPCT_Images/0567.jpg	m	1.7183165000024
2	31	FOODPCT_Images/0350.jpg	61	77	92	FOODPCT_Images/0262.jpg	100	100	100	FOODPCT_Images/0350.jpg	z	1.30049449999933
2	32	FOODPCT_Images/0350.jpg	61	77	92	FOODPCT_Images/0515.jpg	21	90	94	FOODPCT_Images/0515.jpg	m	1.67134089999308
2	33	FOODPCT_Images/0529.jpg	100	100	100	FOODPCT_Images/0705.jpg	27	71	95	FOODPCT_Images/0529.jpg	z	1.0799740000075
2	34	FOODPCT_Images/0529.jpg	100	100	100	FOODPCT_Images/0350.jpg	61	77	92	FOODPCT_Images/0529.jpg	z	1.39959430000454
2	35	FOODPCT_Images/0685.jpg	61	90	100	FOODPCT_Images/0924.jpg	41	55	6	FOODPCT_Images/0685.jpg	z	0.774339399999008
2	36	FOODPCT_Images/0244.jpg	80	18	27	FOODPCT_Images/0319.jpg	69	90	96	FOODPCT_Images/0319.jpg	m	0.838318699999945
2	37	FOODPCT_Images/0917.jpg	13	52	24	FOODPCT_Images/0924.jpg	41	55	6	FOODPCT_Images/0924.jpg	m	2.00923209999746
2	38	FOODPCT_Images/0924.jpg	41	55	6	FOODPCT_Images/0878.jpg	32	89	95	FOODPCT_Images/0878.jpg	m	0.864034500002163
2	39	FOODPCT_Images/0183.jpg	58	69	76	FOODPCT_Images/0244.jpg	80	18	27	FOODPCT_Images/0183.jpg	z	1.21755760000087
2	40	FOODPCT_Images/0183.jpg	58	69	76	FOODPCT_Images/0830.jpg	100	100	100	FOODPCT_Images/0830.jpg	m	0.864508200000273
2	41	FOODPCT_Images/0547.jpg	7	38	6	FOODPCT_Images/0878.jpg	32	89	95	FOODPCT_Images/0547.jpg	z	1.40569069999037
2	42	FOODPCT_Images/0515.jpg	21	90	94	FOODPCT_Images/0445.jpg	100	100	100	FOODPCT_Images/0445.jpg	m	1.22357389998797
2	43	FOODPCT_Images/0529.jpg	100	100	100	FOODPCT_Images/0915.jpg	72	33	45	FOODPCT_Images/0529.jpg	z	1.04038849999779
2	44	FOODPCT_Images/0685.jpg	61	90	100	FOODPCT_Images/0046.jpg	30	64	76	FOODPCT_Images/0685.jpg	z	1.19958419998875
2	45	FOODPCT_Images/0547.jpg	7	38	6	FOODPCT_Images/0529.jpg	100	100	100	FOODPCT_Images/0547.jpg	z	1.0836782999977
2	46	FOODPCT_Images/0902.jpg	29	69	52	FOODPCT_Images/0705.jpg	27	71	95	FOODPCT_Images/0705.jpg	m	1.59064279998711
2	47	FOODPCT_Images/0244.jpg	80	18	27	FOODPCT_Images/0830.jpg	100	100	100	FOODPCT_Images/0830.jpg	m	1.15381290001096
2	48	FOODPCT_Images/0567.jpg	100	100	100	FOODPCT_Images/0547.jpg	7	38	6	FOODPCT_Images/0567.jpg	z	1.42622159999155
2	49	FOODPCT_Images/0705.jpg	27	71	95	FOODPCT_Images/0640.jpg	100	100	100	FOODPCT_Images/0705.jpg	z	1.6277706999972
2	50	FOODPCT_Images/0924.jpg	41	55	6	FOODPCT_Images/0183.jpg	58	69	76	FOODPCT_Images/0183.jpg	m	1.58777779999946
2	51	FOODPCT_Images/0547.jpg	7	38	6	FOODPCT_Images/0794.jpg	100	100	100	FOODPCT_Images/0547.jpg	z	1.16592329999548
2	52	FOODPCT_Images/0902.jpg	29	69	52	FOODPCT_Images/0188.jpg	30	85	84	FOODPCT_Images/0188.jpg	m	1.71265879999555
2	53	FOODPCT_Images/0915.jpg	72	33	45	FOODPCT_Images/0445.jpg	100	100	100	FOODPCT_Images/0445.jpg	m	1.33616550000443
2	54	FOODPCT_Images/0319.jpg	69	90	96	FOODPCT_Images/0924.jpg	41	55	6	FOODPCT_Images/0319.jpg	z	0.774623599994811
2	55	FOODPCT_Images/0640.jpg	100	100	100	FOODPCT_Images/0188.jpg	30	85	84	FOODPCT_Images/0188.jpg	m	1.05020270000387
2	56	FOODPCT_Images/0244.jpg	80	18	27	FOODPCT_Images/0752.jpg	100	100	100	FOODPCT_Images/0752.jpg	m	0.815838900001836
2	57	FOODPCT_Images/0925.jpg	39	61	7	FOODPCT_Images/0188.jpg	30	85	84	FOODPCT_Images/0188.jpg	m	1.70776689999911
2	58	FOODPCT_Images/0915.jpg	72	33	45	FOODPCT_Images/0319.jpg	69	90	96	FOODPCT_Images/0319.jpg	m	0.887587199991685
2	59	FOODPCT_Images/0046.jpg	30	64	76	FOODPCT_Images/0640.jpg	100	100	100	FOODPCT_Images/0640.jpg	m	1.42139819999284
3	0	FOODPCT_Images/0752.jpg	100	100	100	FOODPCT_Images/0902.jpg	29	69	52	FOODPCT_Images/0752.jpg	z	1.77215109999815
3	1	FOODPCT_Images/0924.jpg	41	55	6	FOODPCT_Images/0350.jpg	61	77	92	FOODPCT_Images/0350.jpg	m	1.31051460000162
3	2	FOODPCT_Images/0830.jpg	100	100	100	FOODPCT_Images/0752.jpg	100	100	100	FOODPCT_Images/0830.jpg	z	1.48192920000292
3	3	FOODPCT_Images/0640.jpg	100	100	100	FOODPCT_Images/0445.jpg	100	100	100	FOODPCT_Images/0445.jpg	m	0.930275399994571
3	4	FOODPCT_Images/0183.jpg	58	69	76	FOODPCT_Images/0319.jpg	69	90	96	FOODPCT_Images/0319.jpg	m	0.913347699999576
3	5	FOODPCT_Images/0262.jpg	100	100	100	FOODPCT_Images/0547.jpg	7	38	6	FOODPCT_Images/0547.jpg	m	1.40965649999271
3	6	FOODPCT_Images/0046.jpg	30	64	76	FOODPCT_Images/0244.jpg	80	18	27	FOODPCT_Images/0046.jpg	z	0.976443799998378
3	7	FOODPCT_Images/0515.jpg	21	90	94	FOODPCT_Images/0640.jpg	100	100	100	FOODPCT_Images/0515.jpg	z	1.90076489999774
3	8	FOODPCT_Images/0752.jpg	100	100	100	FOODPCT_Images/0924.jpg	41	55	6	FOODPCT_Images/0752.jpg	z	0.899069299994153
3	9	FOODPCT_Images/0515.jpg	21	90	94	FOODPCT_Images/0924.jpg	41	55	6	FOODPCT_Images/0515.jpg	z	0.943913499999326
3	10	FOODPCT_Images/0902.jpg	29	69	52	FOODPCT_Images/0183.jpg	58	69	76	FOODPCT_Images/0902.jpg	z	1.20351119998668
3	11	FOODPCT_Images/0794.jpg	100	100	100	FOODPCT_Images/0188.jpg	30	85	84	FOODPCT_Images/0188.jpg	m	1.14014450000832
3	12	FOODPCT_Images/0445.jpg	100	100	100	FOODPCT_Images/0878.jpg	32	89	95	FOODPCT_Images/0445.jpg	z	1.84217569998873
3	13	FOODPCT_Images/0752.jpg	100	100	100	FOODPCT_Images/0445.jpg	100	100	100	FOODPCT_Images/0752.jpg	z	1.86979209999845
3	14	FOODPCT_Images/0917.jpg	13	52	24	FOODPCT_Images/0794.jpg	100	100	100	FOODPCT_Images/0794.jpg	m	0.918622899989714
3	15	FOODPCT_Images/0567.jpg	100	100	100	FOODPCT_Images/0705.jpg	27	71	95	FOODPCT_Images/0567.jpg	z	1.71241540000483
3	16	FOODPCT_Images/0794.jpg	100	100	100	FOODPCT_Images/0350.jpg	61	77	92	FOODPCT_Images/0794.jpg	z	0.822867800001404
3	17	FOODPCT_Images/0046.jpg	30	64	76	FOODPCT_Images/0878.jpg	32	89	95	FOODPCT_Images/0878.jpg	m	0.892395999995642
3	18	FOODPCT_Images/0319.jpg	69	90	96	FOODPCT_Images/0046.jpg	30	64	76	FOODPCT_Images/0319.jpg	z	1.15191549998417
3	19	FOODPCT_Images/0350.jpg	61	77	92	FOODPCT_Images/0188.jpg	30	85	84	FOODPCT_Images/0188.jpg	m	1.19677450000017
3	20	FOODPCT_Images/0262.jpg	100	100	100	FOODPCT_Images/0046.jpg	30	64	76	FOODPCT_Images/0046.jpg	m	1.18107099999906
3	21	FOODPCT_Images/0567.jpg	100	100	100	FOODPCT_Images/0830.jpg	100	100	100	FOODPCT_Images/0567.jpg	z	1.85068279999541
3	22	FOODPCT_Images/0794.jpg	100	100	100	FOODPCT_Images/0902.jpg	29	69	52	FOODPCT_Images/0902.jpg	m	1.04796409999835
3	23	FOODPCT_Images/0529.jpg	100	100	100	FOODPCT_Images/0830.jpg	100	100	100	FOODPCT_Images/0529.jpg	z	1.55270049998944
3	24	FOODPCT_Images/0183.jpg	58	69	76	FOODPCT_Images/0515.jpg	21	90	94	FOODPCT_Images/0515.jpg	m	0.877868299998227
3	25	FOODPCT_Images/0878.jpg	32	89	95	FOODPCT_Images/0262.jpg	100	100	100	FOODPCT_Images/0878.jpg	z	0.966424900005222
3	26	FOODPCT_Images/0202.jpg	100	100	100	FOODPCT_Images/0685.jpg	61	90	100	FOODPCT_Images/0685.jpg	m	1.35653179998917
3	27	FOODPCT_Images/0915.jpg	72	33	45	FOODPCT_Images/0752.jpg	100	100	100	FOODPCT_Images/0752.jpg	m	0.916886299994076
3	28	FOODPCT_Images/0685.jpg	61	90	100	FOODPCT_Images/0925.jpg	39	61	7	FOODPCT_Images/0685.jpg	z	1.4095049000025
3	29	FOODPCT_Images/0924.jpg	41	55	6	FOODPCT_Images/0640.jpg	100	100	100	FOODPCT_Images/0640.jpg	m	1.20735130000685
3	30	FOODPCT_Images/0794.jpg	100	100	100	FOODPCT_Images/0202.jpg	100	100	100	FOODPCT_Images/0202.jpg	m	0.862136399999144
3	31	FOODPCT_Images/0046.jpg	30	64	76	FOODPCT_Images/0188.jpg	30	85	84	FOODPCT_Images/0188.jpg	m	0.912434300000314
3	32	FOODPCT_Images/0925.jpg	39	61	7	FOODPCT_Images/0567.jpg	100	100	100	FOODPCT_Images/0567.jpg	m	1.06861970000318
3	33	FOODPCT_Images/0202.jpg	100	100	100	FOODPCT_Images/0567.jpg	100	100	100	FOODPCT_Images/0567.jpg	m	1.32232649999787
3	34	FOODPCT_Images/0640.jpg	100	100	100	FOODPCT_Images/0925.jpg	39	61	7	FOODPCT_Images/0925.jpg	m	2.09814060000645
3	35	FOODPCT_Images/0878.jpg	32	89	95	FOODPCT_Images/0529.jpg	100	100	100	FOODPCT_Images/0878.jpg	z	1.27582419999817
3	36	FOODPCT_Images/0752.jpg	100	100	100	FOODPCT_Images/0878.jpg	32	89	95	FOODPCT_Images/0752.jpg	z	1.00677249999717
3	37	FOODPCT_Images/0319.jpg	69	90	96	FOODPCT_Images/0878.jpg	32	89	95	FOODPCT_Images/0319.jpg	z	0.878826600004686
3	38	FOODPCT_Images/0319.jpg	69	90	96	FOODPCT_Images/0685.jpg	61	90	100	FOODPCT_Images/0319.jpg	z	2.57940240000607
3	39	FOODPCT_Images/0046.jpg	30	64	76	FOODPCT_Images/0794.jpg	100	100	100	FOODPCT_Images/0794.jpg	m	1.20307150000008
3	40	FOODPCT_Images/0188.jpg	30	85	84	FOODPCT_Images/0262.jpg	100	100	100	FOODPCT_Images/0188.jpg	z	0.921579700006987
3	41	FOODPCT_Images/0685.jpg	61	90	100	FOODPCT_Images/0878.jpg	32	89	95	FOODPCT_Images/0685.jpg	z	1.39334740000777
3	42	FOODPCT_Images/0529.jpg	100	100	100	FOODPCT_Images/0925.jpg	39	61	7	FOODPCT_Images/0925.jpg	m	2.15158499998506
3	43	FOODPCT_Images/0202.jpg	100	100	100	FOODPCT_Images/0319.jpg	69	90	96	FOODPCT_Images/0202.jpg	z	1.81654469999194
3	44	FOODPCT_Images/0924.jpg	41	55	6	FOODPCT_Images/0445.jpg	100	100	100	FOODPCT_Images/0445.jpg	m	2.4020945999946
3	45	FOODPCT_Images/0915.jpg	72	33	45	FOODPCT_Images/0878.jpg	32	89	95	FOODPCT_Images/0878.jpg	m	1.89063320000423
3	46	FOODPCT_Images/0244.jpg	80	18	27	FOODPCT_Images/0917.jpg	13	52	24	FOODPCT_Images/0244.jpg	z	1.51349959999789
3	47	FOODPCT_Images/0878.jpg	32	89	95	FOODPCT_Images/0705.jpg	27	71	95	FOODPCT_Images/0705.jpg	m	1.08532600000035
3	48	FOODPCT_Images/0262.jpg	100	100	100	FOODPCT_Images/0685.jpg	61	90	100	FOODPCT_Images/0685.jpg	m	1.12174369998684
3	49	FOODPCT_Images/0705.jpg	27	71	95	FOODPCT_Images/0794.jpg	100	100	100	FOODPCT_Images/0705.jpg	z	1.61481439998897
3	50	FOODPCT_Images/0515.jpg	21	90	94	FOODPCT_Images/0046.jpg	30	64	76	FOODPCT_Images/0515.jpg	z	1.30089279999083
3	51	FOODPCT_Images/0547.jpg	7	38	6	FOODPCT_Images/0046.jpg	30	64	76	FOODPCT_Images/0547.jpg	z	1.65341469999112
3	52	FOODPCT_Images/0685.jpg	61	90	100	FOODPCT_Images/0529.jpg	100	100	100	FOODPCT_Images/0685.jpg	z	1.28786099998979
3	53	FOODPCT_Images/0752.jpg	100	100	100	FOODPCT_Images/0794.jpg	100	100	100	FOODPCT_Images/0752.jpg	z	1.22811459998775
3	54	FOODPCT_Images/0705.jpg	27	71	95	FOODPCT_Images/0917.jpg	13	52	24	FOODPCT_Images/0705.jpg	z	1.20184899999003
3	55	FOODPCT_Images/0794.jpg	100	100	100	FOODPCT_Images/0830.jpg	100	100	100	FOODPCT_Images/0794.jpg	z	1.77169920000597
3	56	FOODPCT_Images/0046.jpg	30	64	76	FOODPCT_Images/0350.jpg	61	77	92	FOODPCT_Images/0046.jpg	z	0.793651299987687
3	57	FOODPCT_Images/0547.jpg	7	38	6	FOODPCT_Images/0350.jpg	61	77	92	FOODPCT_Images/0547.jpg	z	1.70856219998677
3	58	FOODPCT_Images/0183.jpg	58	69	76	FOODPCT_Images/0188.jpg	30	85	84	FOODPCT_Images/0188.jpg	m	1.08090990000346
3	59	FOODPCT_Images/0902.jpg	29	69	52	FOODPCT_Images/0915.jpg	72	33	45	FOODPCT_Images/0902.jpg	z	1.05842970000231
4	0	FOODPCT_Images/0319.jpg	69	90	96	FOODPCT_Images/0640.jpg	100	100	100	FOODPCT_Images/0319.jpg	z	1.30913829999918
4	1	FOODPCT_Images/0445.jpg	100	100	100	FOODPCT_Images/0262.jpg	100	100	100	FOODPCT_Images/0445.jpg	z	0.954836699995212
4	2	FOODPCT_Images/0515.jpg	21	90	94	FOODPCT_Images/0902.jpg	29	69	52	FOODPCT_Images/0902.jpg	m	1.07182529999409
4	3	FOODPCT_Images/0640.jpg	100	100	100	FOODPCT_Images/0878.jpg	32	89	95	FOODPCT_Images/0640.jpg	z	0.979342799997539
4	4	FOODPCT_Images/0705.jpg	27	71	95	FOODPCT_Images/0547.jpg	7	38	6	FOODPCT_Images/0705.jpg	z	1.37231229999452
4	5	FOODPCT_Images/0878.jpg	32	89	95	FOODPCT_Images/0902.jpg	29	69	52	FOODPCT_Images/0902.jpg	m	1.45832210000663
4	6	FOODPCT_Images/0915.jpg	72	33	45	FOODPCT_Images/0917.jpg	13	52	24	FOODPCT_Images/0915.jpg	z	1.52876830000605
4	7	FOODPCT_Images/0244.jpg	80	18	27	FOODPCT_Images/0188.jpg	30	85	84	FOODPCT_Images/0188.jpg	m	0.938417999990634
4	8	FOODPCT_Images/0350.jpg	61	77	92	FOODPCT_Images/0567.jpg	100	100	100	FOODPCT_Images/0567.jpg	m	1.13612939999439
4	9	FOODPCT_Images/0445.jpg	100	100	100	FOODPCT_Images/0183.jpg	58	69	76	FOODPCT_Images/0445.jpg	z	1.07617899999605
4	10	FOODPCT_Images/0705.jpg	27	71	95	FOODPCT_Images/0046.jpg	30	64	76	FOODPCT_Images/0705.jpg	z	1.56862259999616
4	11	FOODPCT_Images/0685.jpg	61	90	100	FOODPCT_Images/0445.jpg	100	100	100	FOODPCT_Images/0685.jpg	z	1.058463999987
4	12	FOODPCT_Images/0685.jpg	61	90	100	FOODPCT_Images/0794.jpg	100	100	100	FOODPCT_Images/0794.jpg	m	1.24207359999127
4	13	FOODPCT_Images/0262.jpg	100	100	100	FOODPCT_Images/0752.jpg	100	100	100	FOODPCT_Images/0752.jpg	m	0.86947879998479
4	14	FOODPCT_Images/0350.jpg	61	77	92	FOODPCT_Images/0202.jpg	100	100	100	FOODPCT_Images/0202.jpg	m	0.737505099998089
4	15	FOODPCT_Images/0902.jpg	29	69	52	FOODPCT_Images/0567.jpg	100	100	100	FOODPCT_Images/0902.jpg	z	1.49638379999669
4	16	FOODPCT_Images/0515.jpg	21	90	94	FOODPCT_Images/0752.jpg	100	100	100	FOODPCT_Images/0752.jpg	m	1.43632760000764
4	17	FOODPCT_Images/0188.jpg	30	85	84	FOODPCT_Images/0924.jpg	41	55	6	FOODPCT_Images/0188.jpg	z	1.24603959999513
4	18	FOODPCT_Images/0902.jpg	29	69	52	FOODPCT_Images/0529.jpg	100	100	100	FOODPCT_Images/0902.jpg	z	1.35062040000048
4	19	FOODPCT_Images/0640.jpg	100	100	100	FOODPCT_Images/0794.jpg	100	100	100	FOODPCT_Images/0794.jpg	m	1.94413489999715
4	20	FOODPCT_Images/0188.jpg	30	85	84	FOODPCT_Images/0567.jpg	100	100	100	FOODPCT_Images/0567.jpg	m	0.870177000004333
4	21	FOODPCT_Images/0915.jpg	72	33	45	FOODPCT_Images/0924.jpg	41	55	6	FOODPCT_Images/0915.jpg	z	1.41826039999432
4	22	FOODPCT_Images/0529.jpg	100	100	100	FOODPCT_Images/0319.jpg	69	90	96	FOODPCT_Images/0319.jpg	m	1.35719099998823
4	23	FOODPCT_Images/0924.jpg	41	55	6	FOODPCT_Images/0529.jpg	100	100	100	FOODPCT_Images/0529.jpg	m	1.17376499999955
4	24	FOODPCT_Images/0244.jpg	80	18	27	FOODPCT_Images/0262.jpg	100	100	100	FOODPCT_Images/0262.jpg	m	1.67187989999366
4	25	FOODPCT_Images/0262.jpg	100	100	100	FOODPCT_Images/0319.jpg	69	90	96	FOODPCT_Images/0319.jpg	m	1.24694309999177
4	26	FOODPCT_Images/0319.jpg	69	90	96	FOODPCT_Images/0794.jpg	100	100	100	FOODPCT_Images/0319.jpg	z	1.06824639999832
4	27	FOODPCT_Images/0902.jpg	29	69	52	FOODPCT_Images/0830.jpg	100	100	100	FOODPCT_Images/0830.jpg	m	1.16139809999731
4	28	FOODPCT_Images/0878.jpg	32	89	95	FOODPCT_Images/0202.jpg	100	100	100	FOODPCT_Images/0202.jpg	m	1.11321529999259
4	29	FOODPCT_Images/0515.jpg	21	90	94	FOODPCT_Images/0878.jpg	32	89	95	FOODPCT_Images/0515.jpg	z	1.10772489999363
4	30	FOODPCT_Images/0685.jpg	61	90	100	FOODPCT_Images/0640.jpg	100	100	100	FOODPCT_Images/0685.jpg	z	1.02909319999162
4	31	FOODPCT_Images/0830.jpg	100	100	100	FOODPCT_Images/0924.jpg	41	55	6	FOODPCT_Images/0830.jpg	z	1.05726999999024
4	32	FOODPCT_Images/0262.jpg	100	100	100	FOODPCT_Images/0924.jpg	41	55	6	FOODPCT_Images/0262.jpg	z	1.12262339999143
4	33	FOODPCT_Images/0202.jpg	100	100	100	FOODPCT_Images/0515.jpg	21	90	94	FOODPCT_Images/0202.jpg	z	1.03264889999991
4	34	FOODPCT_Images/0445.jpg	100	100	100	FOODPCT_Images/0244.jpg	80	18	27	FOODPCT_Images/0445.jpg	z	0.970914699995774
4	35	FOODPCT_Images/0350.jpg	61	77	92	FOODPCT_Images/0705.jpg	27	71	95	FOODPCT_Images/0705.jpg	m	1.33647560000827
4	36	FOODPCT_Images/0878.jpg	32	89	95	FOODPCT_Images/0830.jpg	100	100	100	FOODPCT_Images/0830.jpg	m	1.04245579999406
4	37	FOODPCT_Images/0202.jpg	100	100	100	FOODPCT_Images/0705.jpg	27	71	95	FOODPCT_Images/0202.jpg	z	1.45290669999667
4	38	FOODPCT_Images/0547.jpg	7	38	6	FOODPCT_Images/0902.jpg	29	69	52	FOODPCT_Images/0547.jpg	z	1.69197179999901
4	39	FOODPCT_Images/0547.jpg	7	38	6	FOODPCT_Images/0640.jpg	100	100	100	FOODPCT_Images/0547.jpg	z	1.48686999999336
4	40	FOODPCT_Images/0183.jpg	58	69	76	FOODPCT_Images/0262.jpg	100	100	100	FOODPCT_Images/0262.jpg	m	1.13118319999194
4	41	FOODPCT_Images/0262.jpg	100	100	100	FOODPCT_Images/0515.jpg	21	90	94	FOODPCT_Images/0515.jpg	m	1.19014629999583
4	42	FOODPCT_Images/0183.jpg	58	69	76	FOODPCT_Images/0202.jpg	100	100	100	FOODPCT_Images/0202.jpg	m	1.02776060000178
4	43	FOODPCT_Images/0244.jpg	80	18	27	FOODPCT_Images/0202.jpg	100	100	100	FOODPCT_Images/0202.jpg	m	0.842748700000811
4	44	FOODPCT_Images/0830.jpg	100	100	100	FOODPCT_Images/0319.jpg	69	90	96	FOODPCT_Images/0319.jpg	m	1.15114589998848
4	45	FOODPCT_Images/0188.jpg	30	85	84	FOODPCT_Images/0915.jpg	72	33	45	FOODPCT_Images/0188.jpg	z	1.03915309999138
4	46	FOODPCT_Images/0705.jpg	27	71	95	FOODPCT_Images/0752.jpg	100	100	100	FOODPCT_Images/0752.jpg	m	1.24733559999731
4	47	FOODPCT_Images/0350.jpg	61	77	92	FOODPCT_Images/0830.jpg	100	100	100	FOODPCT_Images/0830.jpg	m	1.42233069999202
4	48	FOODPCT_Images/0878.jpg	32	89	95	FOODPCT_Images/0925.jpg	39	61	7	FOODPCT_Images/0925.jpg	m	1.10588160000043
4	49	FOODPCT_Images/0262.jpg	100	100	100	FOODPCT_Images/0705.jpg	27	71	95	FOODPCT_Images/0705.jpg	m	1.05625599999621
4	50	FOODPCT_Images/0319.jpg	69	90	96	FOODPCT_Images/0917.jpg	13	52	24	FOODPCT_Images/0319.jpg	z	0.861998499996844
4	51	FOODPCT_Images/0794.jpg	100	100	100	FOODPCT_Images/0529.jpg	100	100	100	FOODPCT_Images/0794.jpg	z	0.99386930000037
4	52	FOODPCT_Images/0547.jpg	7	38	6	FOODPCT_Images/0244.jpg	80	18	27	FOODPCT_Images/0547.jpg	z	0.881217400004971
4	53	FOODPCT_Images/0262.jpg	100	100	100	FOODPCT_Images/0915.jpg	72	33	45	FOODPCT_Images/0915.jpg	m	1.38419050000084
4	54	FOODPCT_Images/0705.jpg	27	71	95	FOODPCT_Images/0915.jpg	72	33	45	FOODPCT_Images/0705.jpg	z	1.24371360000805
4	55	FOODPCT_Images/0794.jpg	100	100	100	FOODPCT_Images/0878.jpg	32	89	95	FOODPCT_Images/0794.jpg	z	1.70071150000149
4	56	FOODPCT_Images/0917.jpg	13	52	24	FOODPCT_Images/0878.jpg	32	89	95	FOODPCT_Images/0878.jpg	m	1.60654480000085
4	57	FOODPCT_Images/0046.jpg	30	64	76	FOODPCT_Images/0202.jpg	100	100	100	FOODPCT_Images/0202.jpg	m	1.19774829999369
4	58	FOODPCT_Images/0640.jpg	100	100	100	FOODPCT_Images/0902.jpg	29	69	52	FOODPCT_Images/0902.jpg	m	1.35254059999716
4	59	FOODPCT_Images/0202.jpg	100	100	100	FOODPCT_Images/0830.jpg	100	100	100	FOODPCT_Images/0202.jpg	z	1.64164339999843
